country,year,nkill,count
Argentina,1970,5,21
Australia,1970,0,1
Belgium,1970,0,1
Bolivia,1970,0,1
Brazil,1970,2,6
Canada,1970,1,2
Colombia,1970,,1
Dominican Republic,1970,1,2
East Germany (GDR),1970,0,12
Egypt,1970,0,1
Ethiopia,1970,1,3
Greece,1970,2,3
Guatemala,1970,2,4
Iran,1970,0,5
Ireland,1970,1,1
Italy,1970,0,3
Japan,1970,0,2
Jordan,1970,1,9
Lebanon,1970,0,1
Mexico,1970,0,2
Netherlands,1970,1,3
Nicaragua,1970,0,1
Pakistan,1970,4,1
Paraguay,1970,1,1
Philippines,1970,41,10
Spain,1970,0,4
Switzerland,1970,47,3
Turkey,1970,0,12
United Kingdom,1970,20,12
United States,1970,33,468
Uruguay,1970,3,33
Venezuela,1970,0,2
West Germany (FRG),1970,8,20
Argentina,1971,5,7
Australia,1971,0,1
Bolivia,1971,,2
Brazil,1971,0,3
Cambodia,1971,2,2
Costa Rica,1971,,1
Dominican Republic,1971,0,3
East Germany (GDR),1971,,4
Egypt,1971,1,1
Ethiopia,1971,0,1
Greece,1971,0,1
Guatemala,1971,,1
Iran,1971,4,11
Ireland,1971,1,1
Israel,1971,1,1
Italy,1971,0,3
Jordan,1971,0,5
Lebanon,1971,,1
Netherlands,1971,0,1
Philippines,1971,0,4
Poland,1971,0,1
South Yemen,1971,0,1
Spain,1971,0,22
Sweden,1971,1,2
Switzerland,1971,0,1
Taiwan,1971,25,1
Turkey,1971,1,35
United Kingdom,1971,110,81
United States,1971,20,247
Uruguay,1971,1,8
Venezuela,1971,0,4
West Germany (FRG),1971,0,13
Zambia,1971,1,1
Algeria,1972,0,1
Argentina,1972,5,20
Australia,1972,1,8
Austria,1972,4,7
Belgium,1972,0,4
Brazil,1972,0,3
Brunei,1972,0,5
Cambodia,1972,1,2
Canada,1972,1,4
Colombia,1972,1,2
Czechoslovakia,1972,26,1
Egypt,1972,0,1
El Salvador,1972,0,2
France,1972,1,11
Greece,1972,0,2
India,1972,0,1
Iran,1972,1,15
Ireland,1972,6,5
Israel,1972,26,15
Italy,1972,1,4
Jordan,1972,2,7
Kuwait,1972,0,1
Lebanon,1972,0,3
Mexico,1972,0,1
Netherlands,1972,0,1
Panama,1972,0,1
People's Republic of the Congo,1972,0,1
Philippines,1972,2,7
Portugal,1972,0,1
South Vietnam,1972,81,1
Spain,1972,2,19
Sweden,1972,0,3
Switzerland,1972,0,3
Thailand,1972,0,1
Turkey,1972,3,9
United Kingdom,1972,368,292
United States,1972,10,68
Uruguay,1972,0,7
Venezuela,1972,,1
West Bank and Gaza Strip,1972,1,1
West Germany (FRG),1972,23,24
Zaire,1972,0,3
Afghanistan,1973,0,1
Argentina,1973,16,60
Austria,1973,0,2
Belgium,1973,0,1
Brazil,1973,0,2
Chile,1973,0,7
Colombia,1973,0,6
Cyprus,1973,1,3
Dominican Republic,1973,0,3
Ecuador,1973,0,1
El Salvador,1973,0,1
Ethiopia,1973,0,1
France,1973,5,14
Greece,1973,5,11
Haiti,1973,0,1
Honduras,1973,,1
Iran,1973,1,4
Ireland,1973,4,3
Israel,1973,2,1
Italy,1973,62,15
Japan,1973,0,2
Jordan,1973,,1
Lebanon,1973,4,11
Malaysia,1973,0,1
Mexico,1973,1,6
Morocco,1973,0,2
Myanmar,1973,0,1
Netherlands,1973,1,1
New Zealand,1973,0,1
Peru,1973,0,3
Portugal,1973,0,1
Spain,1973,6,21
Sudan,1973,3,1
Switzerland,1973,0,2
United Kingdom,1973,210,189
United States,1973,45,58
Venezuela,1973,0,4
West Germany (FRG),1973,1,27
Yugoslavia,1973,1,1
Zaire,1973,0,1
Zambia,1973,2,1
Andorra,1974,,1
Argentina,1974,21,71
Australia,1974,0,1
Austria,1974,0,1
Belgium,1974,0,5
Bolivia,1974,0,1
Botswana,1974,1,1
Canada,1974,0,1
Chad,1974,0,1
Dominican Republic,1974,0,2
East Germany (GDR),1974,1,1
Ecuador,1974,0,3
El Salvador,1974,0,3
Ethiopia,1974,3,4
France,1974,3,29
Greece,1974,92,6
Guatemala,1974,0,1
Haiti,1974,0,2
Iran,1974,1,11
Ireland,1974,34,3
Israel,1974,78,12
Italy,1974,23,22
Jamaica,1974,0,2
Japan,1974,0,3
Kuwait,1974,0,1
Lebanon,1974,0,11
Mexico,1974,2,16
Netherlands,1974,1,2
Nicaragua,1974,0,1
North Yemen,1974,0,1
Pakistan,1974,0,2
Peru,1974,0,3
Philippines,1974,3,1
Singapore,1974,0,1
South Africa,1974,0,1
South Korea,1974,1,1
Spain,1974,19,14
Switzerland,1974,0,3
Syria,1974,1,4
Thailand,1974,2,1
Turkey,1974,0,1
United Arab Emirates,1974,1,1
United Kingdom,1974,235,203
United States,1974,16,94
Venezuela,1974,0,3
West Germany (FRG),1974,1,28
Yugoslavia,1974,0,1
Argentina,1975,123,38
Austria,1975,4,2
Colombia,1975,7,10
Cyprus,1975,0,2
El Salvador,1975,2,3
Ethiopia,1975,0,4
France,1975,3,39
Greece,1975,1,4
Guatemala,1975,23,5
India,1975,4,1
Iran,1975,8,13
Iraq,1975,0,1
Ireland,1975,7,7
Israel,1975,24,2
Italy,1975,0,7
Japan,1975,0,12
Kenya,1975,27,4
Kuwait,1975,0,1
Lebanon,1975,28,15
Malaysia,1975,0,3
Mexico,1975,32,10
Namibia,1975,1,1
Netherlands,1975,4,4
Nicaragua,1975,11,1
Pakistan,1975,1,2
Peru,1975,0,2
Philippines,1975,1,4
Portugal,1975,0,4
Somalia,1975,0,1
Spain,1975,31,136
Sri Lanka,1975,1,1
Sweden,1975,3,1
Switzerland,1975,0,3
Syria,1975,0,2
Tanzania,1975,0,1
Turkey,1975,0,10
United Kingdom,1975,245,194
United States,1975,24,149
Venezuela,1975,0,5
West Germany (FRG),1975,1,35
Zambia,1975,1,1
Algeria,1976,,1
Argentina,1976,122,54
Austria,1976,0,4
Bahamas,1976,0,1
Barbados,1976,73,2
Belgium,1976,0,1
Bolivia,1976,0,1
Brazil,1976,0,5
Chile,1976,0,2
Colombia,1976,10,22
Costa Rica,1976,0,12
Ecuador,1976,1,2
El Salvador,1976,3,13
Ethiopia,1976,0,5
France,1976,7,58
Greece,1976,14,21
Guatemala,1976,8,13
India,1976,0,1
Iran,1976,5,4
Iraq,1976,12,3
Ireland,1976,5,5
Israel,1976,1,2
Italy,1976,9,173
Jamaica,1976,0,1
Japan,1976,2,1
Jordan,1976,9,1
Kenya,1976,0,2
Kuwait,1976,0,1
Lebanon,1976,4,4
Mexico,1976,26,20
Morocco,1976,,1
Myanmar,1976,,2
Namibia,1976,3,2
Netherlands,1976,0,3
Nigeria,1976,3,1
Pakistan,1976,1,3
Panama,1976,0,2
Paraguay,1976,1,1
Philippines,1976,47,10
Portugal,1976,3,15
South Africa,1976,2,1
Spain,1976,17,50
Switzerland,1976,0,4
Syria,1976,5,2
Taiwan,1976,0,1
Trinidad and Tobago,1976,,1
Turkey,1976,7,35
United Kingdom,1976,264,194
United States,1976,4,105
Venezuela,1976,0,4
West Bank and Gaza Strip,1976,2,1
West Germany (FRG),1976,4,50
Angola,1977,,1
Argentina,1977,7,17
Austria,1977,1,5
Bangladesh,1977,0,1
Belgium,1977,0,1
Bolivia,1977,0,1
Brazil,1977,0,1
Chile,1977,0,6
Colombia,1977,38,80
Costa Rica,1977,0,5
Cyprus,1977,0,1
Djibouti,1977,1,1
East Germany (GDR),1977,0,1
Ecuador,1977,1,7
Egypt,1977,1,1
El Salvador,1977,4,6
Ethiopia,1977,5,4
France,1977,3,53
Greece,1977,1,47
Guatemala,1977,6,8
India,1977,0,1
Indonesia,1977,1,1
Iran,1977,2,5
Ireland,1977,2,3
Israel,1977,5,6
Italy,1977,25,308
Japan,1977,,4
Lebanon,1977,3,4
Malaysia,1977,100,2
Malta,1977,1,1
Mauritania,1977,4,4
Mexico,1977,11,19
Netherlands,1977,9,6
Nicaragua,1977,26,5
North Yemen,1977,1,1
People's Republic of the Congo,1977,0,2
Peru,1977,0,4
Philippines,1977,,2
Portugal,1977,0,15
Saudi Arabia,1977,,1
South Africa,1977,5,15
Spain,1977,44,147
Switzerland,1977,0,4
Syria,1977,1,3
Thailand,1977,1,3
Turkey,1977,29,189
United Arab Emirates,1977,1,1
United Kingdom,1977,103,140
United States,1977,4,130
Venezuela,1977,1,3
West Germany (FRG),1977,6,40
Yugoslavia,1977,1,1
Zaire,1977,1,1
Zambia,1977,1,1
Algeria,1978,0,1
Angola,1978,0,2
Argentina,1978,13,25
Australia,1978,2,2
Austria,1978,,1
Belgium,1978,1,8
Bolivia,1978,0,3
Brazil,1978,1,5
Cambodia,1978,1,1
Chile,1978,0,8
Colombia,1978,71,158
Costa Rica,1978,0,2
Cyprus,1978,16,2
Denmark,1978,0,1
Dominican Republic,1978,3,1
East Germany (GDR),1978,0,1
Ecuador,1978,2,11
Egypt,1978,2,2
El Salvador,1978,33,91
Ethiopia,1978,25,2
France,1978,21,59
Greece,1978,0,39
Guatemala,1978,35,29
Guyana,1978,5,1
Indonesia,1978,,2
Iran,1978,447,27
Ireland,1978,1,3
Israel,1978,52,23
Italy,1978,26,277
Japan,1978,4,35
Kenya,1978,4,1
Kuwait,1978,1,1
Lebanon,1978,107,12
Mexico,1978,7,30
Morocco,1978,10,1
Mozambique,1978,2,2
Namibia,1978,2,8
Netherlands,1978,1,3
Nicaragua,1978,93,76
North Yemen,1978,1,2
Pakistan,1978,5,2
Peru,1978,0,4
Philippines,1978,128,36
Portugal,1978,0,4
Rhodesia,1978,73,19
South Africa,1978,6,9
Soviet Union,1978,4,1
Spain,1978,84,209
Sweden,1978,0,1
Switzerland,1978,0,3
Syria,1978,,1
Thailand,1978,29,5
Turkey,1978,40,52
United Arab Emirates,1978,5,1
United Kingdom,1978,81,100
United States,1978,8,87
Venezuela,1978,1,7
West Bank and Gaza Strip,1978,6,4
West Germany (FRG),1978,0,19
Western Sahara,1978,0,1
Zambia,1978,0,3
Afghanistan,1979,53,3
Algeria,1979,,1
Angola,1979,19,3
Argentina,1979,11,16
Australia,1979,0,2
Austria,1979,0,5
Bahrain,1979,0,1
Bangladesh,1979,0,1
Belgium,1979,1,8
Bolivia,1979,0,14
Brazil,1979,4,6
Chile,1979,6,49
Colombia,1979,156,140
Costa Rica,1979,3,2
Cyprus,1979,2,5
Denmark,1979,0,3
Djibouti,1979,4,1
Dominican Republic,1979,1,2
Ecuador,1979,0,2
Egypt,1979,1,1
El Salvador,1979,286,326
Ethiopia,1979,101,4
France,1979,11,212
Gabon,1979,2,1
Greece,1979,1,9
Guatemala,1979,53,60
Guyana,1979,1,2
Honduras,1979,1,6
India,1979,31,20
Iran,1979,57,82
Iraq,1979,1,2
Ireland,1979,9,8
Israel,1979,64,130
Italy,1979,24,209
Jamaica,1979,4,2
Japan,1979,5,16
Lebanon,1979,33,38
Lesotho,1979,0,2
Libya,1979,0,3
Malaysia,1979,5,1
Mexico,1979,5,10
Morocco,1979,0,2
Mozambique,1979,34,5
Myanmar,1979,86,19
Namibia,1979,32,31
Netherlands,1979,3,3
Nicaragua,1979,187,206
Norway,1979,0,1
Pakistan,1979,6,7
Panama,1979,1,4
Peru,1979,5,3
Philippines,1979,107,50
Poland,1979,0,1
Portugal,1979,3,15
Rhodesia,1979,120,51
Saudi Arabia,1979,5,1
South Africa,1979,8,16
Spain,1979,112,279
Sri Lanka,1979,2,3
Sweden,1979,1,1
Switzerland,1979,1,6
Syria,1979,80,28
Tanzania,1979,1,1
Thailand,1979,62,16
Trinidad and Tobago,1979,0,1
Tunisia,1979,0,1
Turkey,1979,123,141
Uganda,1979,13,8
United Arab Emirates,1979,,2
United Kingdom,1979,133,239
United States,1979,18,69
Venezuela,1979,0,4
West Bank and Gaza Strip,1979,2,22
West Germany (FRG),1979,0,17
Zambia,1979,0,1
Argentina,1980,0,6
Australia,1980,2,6
Austria,1980,0,2
Bahrain,1980,0,1
Bangladesh,1980,6,1
Belgium,1980,2,8
Belize,1980,0,1
Bolivia,1980,11,35
Brazil,1980,19,19
Canada,1980,0,3
Chile,1980,6,41
Colombia,1980,159,141
Costa Rica,1980,0,3
Cyprus,1980,3,1
Denmark,1980,,1
Dominican Republic,1980,1,1
Ecuador,1980,2,2
Egypt,1980,1,5
El Salvador,1980,2383,710
France,1980,20,94
Greece,1980,5,15
Grenada,1980,9,4
Guadeloupe,1980,1,9
Guatemala,1980,528,281
Guinea,1980,1,2
Guyana,1980,1,1
Honduras,1980,6,16
Hong Kong,1980,0,1
India,1980,17,10
Iran,1980,55,67
Iraq,1980,8,6
Ireland,1980,12,7
Israel,1980,14,79
Italy,1980,134,110
Jamaica,1980,11,6
Jordan,1980,1,1
Kenya,1980,15,1
Kuwait,1980,0,4
Lebanon,1980,90,86
Libya,1980,0,2
Mexico,1980,3,5
Myanmar,1980,6,1
Namibia,1980,2,2
Netherlands,1980,0,1
New Hebrides,1980,0,1
Nicaragua,1980,37,35
Nigeria,1980,,1
Pakistan,1980,17,1
Panama,1980,0,4
Paraguay,1980,3,2
Peru,1980,2,64
Philippines,1980,163,60
Portugal,1980,3,8
Rhodesia,1980,24,13
Senegal,1980,0,1
Somalia,1980,1,1
South Africa,1980,26,23
Spain,1980,116,187
Switzerland,1980,0,7
Syria,1980,89,33
Thailand,1980,75,26
Tunisia,1980,41,1
Turkey,1980,111,95
United Arab Emirates,1980,1,1
United Kingdom,1980,78,134
United States,1980,15,67
Venezuela,1980,3,8
West Bank and Gaza Strip,1980,31,56
West Germany (FRG),1980,17,20
Yugoslavia,1980,0,1
Zimbabwe,1980,13,14
Albania,1981,0,1
Angola,1981,3,1
Argentina,1981,0,2
Australia,1981,1,1
Austria,1981,3,3
Bahamas,1981,0,1
Bangladesh,1981,6,1
Belgium,1981,6,6
Bolivia,1981,1,5
Brazil,1981,2,11
Central African Republic,1981,3,1
Chile,1981,19,34
Colombia,1981,365,172
Costa Rica,1981,4,10
Cyprus,1981,0,3
Denmark,1981,0,6
Dominica,1981,3,2
Ecuador,1981,2,2
Egypt,1981,67,9
El Salvador,1981,1578,664
France,1981,8,66
Greece,1981,3,20
Guadeloupe,1981,0,1
Guatemala,1981,1381,399
Guyana,1981,1,1
Honduras,1981,7,17
Hong Kong,1981,0,3
India,1981,24,16
Indonesia,1981,4,1
Iran,1981,224,108
Iraq,1981,,3
Ireland,1981,2,5
Israel,1981,3,36
Italy,1981,24,69
Jamaica,1981,5,1
Japan,1981,0,1
Jordan,1981,0,2
Kuwait,1981,2,3
Lebanon,1981,264,81
Lesotho,1981,10,5
Martinique,1981,0,1
Mexico,1981,0,3
Mozambique,1981,6,3
Netherlands,1981,0,1
New Zealand,1981,0,2
Nicaragua,1981,172,47
North Yemen,1981,1,1
Norway,1981,0,1
Pakistan,1981,4,4
Panama,1981,1,4
Peru,1981,10,149
Philippines,1981,176,31
Poland,1981,0,1
Portugal,1981,2,10
Seychelles,1981,0,2
Somalia,1981,0,8
South Africa,1981,8,42
Spain,1981,39,107
Sri Lanka,1981,3,2
Sudan,1981,2,1
Switzerland,1981,2,13
Syria,1981,192,41
Thailand,1981,21,18
Trinidad and Tobago,1981,,1
Turkey,1981,11,8
Uganda,1981,57,25
United Arab Emirates,1981,2,3
United Kingdom,1981,86,142
United States,1981,8,74
Vatican City,1981,0,1
Venezuela,1981,2,7
West Bank and Gaza Strip,1981,6,17
West Germany (FRG),1981,2,31
Yugoslavia,1981,0,2
Zambia,1981,0,1
Zimbabwe,1981,13,9
Angola,1982,2,2
Argentina,1982,1,9
Australia,1982,0,2
Austria,1982,0,11
Bangladesh,1982,0,1
Belgium,1982,0,1
Bolivia,1982,0,27
Brazil,1982,27,4
Bulgaria,1982,2,2
Canada,1982,1,5
Chile,1982,2,21
Colombia,1982,368,222
Costa Rica,1982,4,6
Cyprus,1982,0,1
Dominican Republic,1982,5,2
East Germany (GDR),1982,0,1
Ecuador,1982,1,3
Egypt,1982,0,1
El Salvador,1982,1549,537
France,1982,17,62
Greece,1982,2,19
Guatemala,1982,1562,354
Honduras,1982,24,34
India,1982,64,13
Iran,1982,139,26
Iraq,1982,96,5
Ireland,1982,2,4
Israel,1982,3,71
Italy,1982,12,23
Japan,1982,0,2
Jordan,1982,0,1
Kuwait,1982,0,1
Lebanon,1982,234,120
Lesotho,1982,0,2
Mexico,1982,1,3
Mozambique,1982,18,9
Myanmar,1982,3,2
Namibia,1982,2,2
Netherlands,1982,0,2
Nicaragua,1982,254,63
Pakistan,1982,3,4
People's Republic of the Congo,1982,15,1
Peru,1982,243,350
Philippines,1982,139,38
Portugal,1982,3,3
Qatar,1982,1,1
South Africa,1982,9,26
South Korea,1982,1,1
Spain,1982,42,146
Sri Lanka,1982,7,2
Sudan,1982,0,3
Suriname,1982,0,1
Swaziland,1982,0,1
Switzerland,1982,0,6
Syria,1982,98,20
Tanzania,1982,0,1
Thailand,1982,1,3
Turkey,1982,9,5
Uganda,1982,,1
United Kingdom,1982,95,95
United States,1982,11,78
Venezuela,1982,30,2
West Bank and Gaza Strip,1982,7,39
West Germany (FRG),1982,5,29
Zimbabwe,1982,22,12
Angola,1983,282,7
Argentina,1983,1,18
Belgium,1983,2,8
Bolivia,1983,0,27
Brazil,1983,0,8
Canada,1983,0,1
Chile,1983,15,106
Colombia,1983,437,234
Costa Rica,1983,0,3
Cyprus,1983,0,2
East Germany (GDR),1983,,1
Ecuador,1983,0,10
El Salvador,1983,1667,371
Ethiopia,1983,0,3
Falkland Islands,1983,,1
France,1983,20,121
French Guiana,1983,1,3
Greece,1983,4,11
Grenada,1983,0,1
Guadeloupe,1983,0,17
Guatemala,1983,530,117
Haiti,1983,5,6
Honduras,1983,75,29
Iceland,1983,0,1
India,1983,59,47
Iran,1983,0,10
Iraq,1983,1,3
Ireland,1983,5,4
Israel,1983,16,31
Italy,1983,2,7
Japan,1983,2,12
Jordan,1983,0,7
Kuwait,1983,1,7
Lebanon,1983,615,234
Lesotho,1983,30,12
Luxembourg,1983,0,2
Malaysia,1983,0,1
Martinique,1983,0,5
Mexico,1983,0,2
Mozambique,1983,5,4
Myanmar,1983,21,4
Namibia,1983,4,5
Netherlands,1983,0,2
Nicaragua,1983,3277,299
Nigeria,1983,1,3
Pakistan,1983,10,9
Panama,1983,0,9
Peru,1983,1818,536
Philippines,1983,101,16
Portugal,1983,8,9
Somalia,1983,,1
South Africa,1983,28,56
South Korea,1983,1,1
South Yemen,1983,0,1
Spain,1983,42,122
Sri Lanka,1983,6,7
Sudan,1983,0,3
Suriname,1983,0,1
Sweden,1983,1,1
Switzerland,1983,0,3
Syria,1983,1,1
Thailand,1983,0,1
Trinidad and Tobago,1983,0,1
Turkey,1983,2,5
Uganda,1983,121,6
United Arab Emirates,1983,111,1
United Kingdom,1983,77,177
United States,1983,8,44
Venezuela,1983,7,6
West Bank and Gaza Strip,1983,9,34
West Germany (FRG),1983,2,5
Yugoslavia,1983,2,1
Zimbabwe,1983,11,6
Angola,1984,179,11
Argentina,1984,1,46
Austria,1984,2,4
Bangladesh,1984,1,1
Belgium,1984,0,10
Bolivia,1984,1,14
Brazil,1984,0,5
Bulgaria,1984,,1
Burkina Faso,1984,1,1
Chad,1984,0,1
Chile,1984,37,563
Colombia,1984,485,237
Costa Rica,1984,0,2
Cyprus,1984,6,7
East Germany (GDR),1984,0,1
Ecuador,1984,1,24
El Salvador,1984,1315,273
Ethiopia,1984,200,1
France,1984,15,145
Greece,1984,5,28
Guadeloupe,1984,4,14
Guatemala,1984,171,74
Honduras,1984,5,12
India,1984,195,159
Indonesia,1984,2,2
Iran,1984,29,17
Iraq,1984,0,2
Ireland,1984,1,1
Israel,1984,7,25
Italy,1984,23,14
Japan,1984,0,15
Jordan,1984,1,5
Kuwait,1984,4,1
Lebanon,1984,61,166
Lesotho,1984,1,1
Libya,1984,15,3
Malta,1984,0,7
Martinique,1984,0,2
Mexico,1984,13,4
Mozambique,1984,56,10
Namibia,1984,26,24
Netherlands,1984,0,1
New Caledonia,1984,11,10
New Zealand,1984,1,1
Nicaragua,1984,3617,302
Pakistan,1984,12,3
Panama,1984,0,2
Paraguay,1984,1,2
Peru,1984,2467,592
Philippines,1984,262,43
Portugal,1984,3,14
Romania,1984,1,1
Saudi Arabia,1984,0,2
Somalia,1984,0,2
South Africa,1984,21,60
Spain,1984,51,143
Sri Lanka,1984,485,81
Sudan,1984,305,5
Suriname,1984,0,1
Swaziland,1984,1,1
Switzerland,1984,0,1
Syria,1984,0,1
Thailand,1984,,1
Turkey,1984,27,19
Uganda,1984,235,3
United Kingdom,1984,69,145
United States,1984,3,63
Uruguay,1984,0,4
Venezuela,1984,2,4
West Bank and Gaza Strip,1984,5,26
West Germany (FRG),1984,0,21
Western Sahara,1984,,1
Yugoslavia,1984,2,1
Zaire,1984,2,3
Zimbabwe,1984,4,3
Angola,1985,6,6
Argentina,1985,2,43
Austria,1985,4,4
Bangladesh,1985,0,1
Belgium,1985,10,21
Bolivia,1985,0,13
Botswana,1985,0,1
Brazil,1985,0,1
Canada,1985,331,3
Chad,1985,0,1
Chile,1985,30,232
Colombia,1985,935,382
Costa Rica,1985,0,5
Cyprus,1985,3,7
Denmark,1985,1,4
East Germany (GDR),1985,0,4
Ecuador,1985,4,12
Egypt,1985,2,2
El Salvador,1985,1013,436
Ethiopia,1985,0,1
France,1985,17,106
Greece,1985,64,35
Guadeloupe,1985,2,9
Guatemala,1985,137,63
Honduras,1985,7,9
India,1985,51,39
Indonesia,1985,7,2
Iran,1985,22,3
Ireland,1985,2,2
Israel,1985,12,21
Italy,1985,19,11
Japan,1985,2,10
Kuwait,1985,11,2
Lebanon,1985,644,95
Luxembourg,1985,0,10
Malta,1985,0,1
Mexico,1985,0,1
Morocco,1985,0,2
Mozambique,1985,8,5
Namibia,1985,74,8
Nepal,1985,6,9
Netherlands,1985,0,4
New Caledonia,1985,0,7
Nicaragua,1985,1575,258
Niger,1985,3,1
Pakistan,1985,0,2
Paraguay,1985,0,1
Peru,1985,729,352
Philippines,1985,452,124
Portugal,1985,1,20
Romania,1985,2,1
Saudi Arabia,1985,1,2
Singapore,1985,0,1
South Africa,1985,82,106
Spain,1985,67,114
Sri Lanka,1985,611,110
Switzerland,1985,0,7
Syria,1985,30,1
Thailand,1985,0,1
Togo,1985,1,3
Turkey,1985,1,2
Uganda,1985,32,7
United Arab Emirates,1985,0,2
United Kingdom,1985,64,67
United States,1985,3,40
Uruguay,1985,0,2
Venezuela,1985,0,2
West Bank and Gaza Strip,1985,0,1
West Germany (FRG),1985,9,53
Zambia,1985,0,1
Zimbabwe,1985,5,1
Angola,1986,119,5
Argentina,1986,2,33
Australia,1986,1,2
Austria,1986,0,4
Bangladesh,1986,54,11
Belgium,1986,0,3
Bolivia,1986,1,4
Brazil,1986,14,3
Canada,1986,0,2
Central African Republic,1986,0,1
Chad,1986,0,1
Chile,1986,22,243
Colombia,1986,771,307
Costa Rica,1986,0,1
Cyprus,1986,1,3
Denmark,1986,0,2
East Germany (GDR),1986,1,3
Ecuador,1986,13,8
Egypt,1986,12,4
El Salvador,1986,293,175
Ethiopia,1986,40,1
Finland,1986,0,1
France,1986,25,95
Greece,1986,6,41
Guadeloupe,1986,0,1
Guatemala,1986,54,31
Honduras,1986,10,8
Iceland,1986,0,1
India,1986,340,96
Indonesia,1986,0,4
Iran,1986,39,6
Ireland,1986,0,2
Israel,1986,8,48
Italy,1986,1,7
Jamaica,1986,3,1
Japan,1986,3,10
Kuwait,1986,0,1
Lebanon,1986,247,106
Luxembourg,1986,0,1
Malaysia,1986,20,15
Malta,1986,1,1
Mexico,1986,0,2
Morocco,1986,2,2
Mozambique,1986,470,7
Namibia,1986,5,1
Netherlands,1986,0,14
New Caledonia,1986,0,2
Nicaragua,1986,395,171
Pakistan,1986,60,24
Panama,1986,0,5
Peru,1986,513,568
Philippines,1986,322,80
Portugal,1986,1,11
Saudi Arabia,1986,62,1
South Africa,1986,153,159
South Korea,1986,5,2
Spain,1986,57,125
Sri Lanka,1986,690,142
Sudan,1986,8,6
Suriname,1986,2,8
Swaziland,1986,,1
Sweden,1986,1,3
Syria,1986,8,4
Thailand,1986,0,3
Tunisia,1986,0,2
Turkey,1986,26,7
Uganda,1986,1,1
United Arab Emirates,1986,0,1
United Kingdom,1986,63,95
United States,1986,1,49
Uruguay,1986,0,2
Venezuela,1986,13,8
West Bank and Gaza Strip,1986,4,13
West Germany (FRG),1986,9,46
Western Sahara,1986,1,1
Zambia,1986,2,1
Zimbabwe,1986,1,1
Afghanistan,1987,0,1
Angola,1987,5,3
Argentina,1987,3,80
Austria,1987,0,4
Bangladesh,1987,26,6
Belgium,1987,1,1
Bolivia,1987,1,14
Botswana,1987,3,1
Brazil,1987,0,1
Chile,1987,9,173
Colombia,1987,655,337
Costa Rica,1987,0,3
Cyprus,1987,1,10
Denmark,1987,0,2
Djibouti,1987,10,1
Dominican Republic,1987,7,15
East Germany (GDR),1987,0,1
Ecuador,1987,0,6
Egypt,1987,1,7
El Salvador,1987,421,234
Ethiopia,1987,0,1
Fiji,1987,0,3
France,1987,5,87
Ghana,1987,0,1
Greece,1987,2,26
Guatemala,1987,211,56
Haiti,1987,4,10
Honduras,1987,21,20
India,1987,506,166
Iran,1987,0,1
Iraq,1987,0,3
Ireland,1987,6,24
Israel,1987,11,23
Italy,1987,3,14
Japan,1987,1,10
Kuwait,1987,1,12
Lebanon,1987,178,94
Malta,1987,0,4
Martinique,1987,0,1
Mexico,1987,0,1
Morocco,1987,200,4
Mozambique,1987,468,11
Myanmar,1987,0,1
Namibia,1987,2,7
Netherlands,1987,0,1
Nicaragua,1987,549,223
Norway,1987,1,2
Pakistan,1987,183,60
Panama,1987,1,4
Paraguay,1987,0,1
Peru,1987,773,627
Philippines,1987,404,160
Singapore,1987,0,2
Somalia,1987,0,1
South Africa,1987,120,133
Spain,1987,68,104
Sri Lanka,1987,1274,115
Sudan,1987,0,1
Suriname,1987,6,13
Swaziland,1987,4,1
Switzerland,1987,1,1
Tunisia,1987,0,4
Turkey,1987,187,43
Uganda,1987,1,1
United Kingdom,1987,104,117
United States,1987,1,34
Venezuela,1987,3,13
West Bank and Gaza Strip,1987,3,11
West Germany (FRG),1987,2,19
Zambia,1987,0,1
Zimbabwe,1987,35,11
Afghanistan,1988,128,11
Angola,1988,145,12
Argentina,1988,1,33
Australia,1988,0,3
Austria,1988,0,1
Bangladesh,1988,87,36
Belgium,1988,1,5
Bolivia,1988,2,11
Botswana,1988,1,3
Brazil,1988,0,2
Chile,1988,19,185
Colombia,1988,1096,427
Costa Rica,1988,0,2
Cyprus,1988,6,5
Denmark,1988,0,1
Djibouti,1988,0,2
Dominican Republic,1988,0,2
East Germany (GDR),1988,0,4
Ecuador,1988,4,9
Egypt,1988,1,9
El Salvador,1988,361,367
Ethiopia,1988,0,2
France,1988,6,54
Greece,1988,14,38
Guadeloupe,1988,0,4
Guatemala,1988,135,29
Haiti,1988,3,6
Honduras,1988,32,21
India,1988,966,358
Iran,1988,18,6
Iraq,1988,43,4
Israel,1988,13,35
Italy,1988,6,29
Japan,1988,0,16
Jordan,1988,0,1
Kuwait,1988,2,4
Lebanon,1988,176,125
Lesotho,1988,4,1
Malaysia,1988,9,4
Maldives,1988,19,1
Martinique,1988,0,1
Mauritius,1988,0,1
Mexico,1988,2,3
Mozambique,1988,145,16
Myanmar,1988,93,23
Namibia,1988,25,17
Netherlands,1988,4,4
New Caledonia,1988,22,9
Nicaragua,1988,208,62
Nigeria,1988,4,2
North Yemen,1988,0,1
Pakistan,1988,136,44
Panama,1988,0,1
Peru,1988,855,355
Philippines,1988,550,210
Portugal,1988,2,2
Saudi Arabia,1988,0,1
Senegal,1988,2,3
Somalia,1988,0,2
South Africa,1988,152,245
South Korea,1988,0,8
Spain,1988,25,151
Sri Lanka,1988,885,350
Sudan,1988,58,10
Suriname,1988,6,9
Switzerland,1988,0,4
Thailand,1988,10,5
Turkey,1988,102,42
Uganda,1988,160,15
United Kingdom,1988,372,181
United States,1988,1,27
Venezuela,1988,41,10
West Bank and Gaza Strip,1988,10,18
West Germany (FRG),1988,1,14
Zaire,1988,28,1
Zambia,1988,9,5
Zimbabwe,1988,2,1
Afghanistan,1989,10,10
Angola,1989,88,12
Argentina,1989,26,32
Australia,1989,0,2
Austria,1989,3,2
Bangladesh,1989,131,36
Belgium,1989,4,7
Bolivia,1989,2,40
Botswana,1989,,2
Brazil,1989,1,5
Cambodia,1989,11,2
Canada,1989,15,1
Chile,1989,19,146
China,1989,20,3
Colombia,1989,751,492
Costa Rica,1989,1,1
Cyprus,1989,1,6
Czechoslovakia,1989,0,4
Denmark,1989,0,1
Dominican Republic,1989,1,11
East Germany (GDR),1989,0,1
Ecuador,1989,9,14
Egypt,1989,1,7
El Salvador,1989,350,356
Ethiopia,1989,1,1
Fiji,1989,0,2
France,1989,3,25
Greece,1989,4,50
Guatemala,1989,43,79
Haiti,1989,0,3
Honduras,1989,9,29
Hong Kong,1989,0,1
Hungary,1989,0,1
India,1989,874,324
Indonesia,1989,85,2
Iran,1989,14,6
Iraq,1989,0,4
Ireland,1989,3,3
Israel,1989,43,87
Italy,1989,0,15
Japan,1989,2,13
Kenya,1989,4,4
Laos,1989,2,1
Lebanon,1989,113,141
Malaysia,1989,0,2
Mauritius,1989,0,1
Mexico,1989,0,1
Mozambique,1989,710,64
Myanmar,1989,80,24
Namibia,1989,1,11
Netherlands,1989,0,5
New Caledonia,1989,2,1
Nicaragua,1989,48,21
Niger,1989,171,1
Pakistan,1989,56,45
Panama,1989,0,2
Papua New Guinea,1989,13,24
Peru,1989,1502,630
Philippines,1989,393,156
Portugal,1989,1,1
Qatar,1989,3,1
Saudi Arabia,1989,1,3
Somalia,1989,30,2
South Africa,1989,57,149
South Korea,1989,0,1
Soviet Union,1989,6,7
Spain,1989,29,142
Sri Lanka,1989,1822,510
Sudan,1989,14,8
Suriname,1989,14,17
Swaziland,1989,0,1
Sweden,1989,0,3
Syria,1989,0,1
Thailand,1989,35,16
Trinidad and Tobago,1989,0,1
Turkey,1989,232,114
Uganda,1989,72,15
United Arab Emirates,1989,1,1
United Kingdom,1989,66,163
United States,1989,3,42
Uruguay,1989,1,1
Venezuela,1989,14,8
West Bank and Gaza Strip,1989,72,100
West Germany (FRG),1989,5,21
Yugoslavia,1989,0,3
Zambia,1989,33,18
Zimbabwe,1989,21,3
Afghanistan,1990,12,2
Albania,1990,0,1
Algeria,1990,3,2
Angola,1990,147,205
Argentina,1990,1,31
Austria,1990,0,1
Bangladesh,1990,66,22
Belgium,1990,2,2
Bolivia,1990,6,11
Botswana,1990,6,1
Brazil,1990,3,7
Bulgaria,1990,0,5
Cambodia,1990,0,2
Chile,1990,8,161
China,1990,2,1
Colombia,1990,694,349
Costa Rica,1990,0,1
Cyprus,1990,0,11
Czechoslovakia,1990,0,1
Djibouti,1990,1,1
Dominican Republic,1990,3,2
East Germany (GDR),1990,0,3
Ecuador,1990,3,8
Egypt,1990,21,13
El Salvador,1990,294,184
Ethiopia,1990,17,10
France,1990,3,30
Germany,1990,0,1
Greece,1990,2,55
Guatemala,1990,68,83
Guyana,1990,0,5
Haiti,1990,13,3
Honduras,1990,3,13
Hong Kong,1990,0,1
India,1990,907,349
Indonesia,1990,12,3
Iran,1990,10,11
Ireland,1990,0,2
Israel,1990,57,98
Italy,1990,0,6
Japan,1990,2,93
Jordan,1990,0,3
Laos,1990,0,1
Lebanon,1990,113,84
Liberia,1990,2,4
Malaysia,1990,0,3
Mali,1990,14,1
Mexico,1990,3,5
Mozambique,1990,185,23
Myanmar,1990,71,9
Namibia,1990,0,2
Netherlands,1990,2,6
Nicaragua,1990,23,15
Pakistan,1990,188,87
Panama,1990,2,15
Papua New Guinea,1990,12,18
Peru,1990,1146,495
Philippines,1990,457,320
Poland,1990,1,7
Republic of the Congo,1990,0,1
Senegal,1990,20,11
Somalia,1990,5,12
South Africa,1990,150,154
South Korea,1990,0,3
Soviet Union,1990,58,36
Spain,1990,32,113
Sri Lanka,1990,1505,141
Sudan,1990,0,1
Suriname,1990,0,7
Sweden,1990,1,6
Switzerland,1990,1,1
Taiwan,1990,0,1
Thailand,1990,22,10
Turkey,1990,512,195
Uganda,1990,84,14
United Kingdom,1990,76,147
United States,1990,5,32
Uruguay,1990,0,1
Venezuela,1990,0,1
West Bank and Gaza Strip,1990,62,88
West Germany (FRG),1990,1,9
Yugoslavia,1990,0,5
Zambia,1990,20,4
Zimbabwe,1990,9,6
Afghanistan,1991,68,30
Albania,1991,0,1
Algeria,1991,42,30
Angola,1991,69,16
Argentina,1991,1,27
Armenia,1991,0,1
Australia,1991,0,4
Austria,1991,0,3
Azerbaijan,1991,26,3
Bahrain,1991,1,1
Bangladesh,1991,69,42
Belgium,1991,1,6
Belize,1991,2,3
Bolivia,1991,7,28
Brazil,1991,12,24
Bulgaria,1991,0,3
Burkina Faso,1991,1,2
Burundi,1991,117,7
Cambodia,1991,16,3
Cameroon,1991,36,4
Central African Republic,1991,3,4
Chad,1991,40,2
Chile,1991,16,127
China,1991,0,1
Colombia,1991,742,420
Costa Rica,1991,0,2
Croatia,1991,237,26
Cuba,1991,0,1
Cyprus,1991,0,11
Czechoslovakia,1991,1,1
Denmark,1991,0,1
Djibouti,1991,8,1
Dominican Republic,1991,1,8
Ecuador,1991,0,17
Egypt,1991,8,10
El Salvador,1991,426,500
Ethiopia,1991,161,5
Fiji,1991,0,3
France,1991,6,137
Georgia,1991,2,3
Germany,1991,10,65
Greece,1991,15,57
Guadeloupe,1991,1,1
Guatemala,1991,73,77
Haiti,1991,137,17
Honduras,1991,18,21
Hong Kong,1991,0,1
Hungary,1991,0,3
India,1991,1113,339
Indonesia,1991,21,7
Iran,1991,2,9
Iraq,1991,1,3
Ireland,1991,3,16
Israel,1991,31,64
Italy,1991,0,31
Jamaica,1991,0,1
Japan,1991,1,19
Jordan,1991,1,11
Kenya,1991,0,5
Kuwait,1991,1,5
Lebanon,1991,98,91
Liberia,1991,0,1
Lithuania,1991,0,1
Madagascar,1991,4,1
Malaysia,1991,0,3
Mali,1991,43,12
Martinique,1991,0,1
Mexico,1991,13,10
Moldova,1991,0,1
Morocco,1991,3,3
Mozambique,1991,271,35
Myanmar,1991,90,22
Namibia,1991,3,1
Nepal,1991,0,1
Netherlands,1991,0,8
New Zealand,1991,0,1
Nicaragua,1991,54,80
Niger,1991,8,6
Nigeria,1991,10,3
Norway,1991,0,2
Pakistan,1991,231,150
Panama,1991,2,16
Papua New Guinea,1991,3,2
Peru,1991,1412,658
Philippines,1991,432,162
Romania,1991,1,1
Rwanda,1991,0,3
Saudi Arabia,1991,0,2
Senegal,1991,5,4
Sierra Leone,1991,128,9
Singapore,1991,4,1
Somalia,1991,6,8
South Africa,1991,384,127
South Korea,1991,0,6
Soviet Union,1991,28,34
Spain,1991,46,89
Sri Lanka,1991,1034,115
Sudan,1991,32,3
Suriname,1991,1,1
Swaziland,1991,0,1
Sweden,1991,1,6
Switzerland,1991,0,2
Taiwan,1991,7,2
Thailand,1991,11,8
Togo,1991,13,2
Trinidad and Tobago,1991,0,1
Tunisia,1991,4,2
Turkey,1991,308,293
Uganda,1991,2,2
Ukraine,1991,0,2
United Kingdom,1991,88,262
United States,1991,2,30
Uruguay,1991,0,3
Venezuela,1991,47,17
West Bank and Gaza Strip,1991,43,83
Yemen,1991,1,5
Yugoslavia,1991,6,11
Zaire,1991,3,6
Zimbabwe,1991,0,1
Afghanistan,1992,49,36
Albania,1992,1,3
Algeria,1992,236,215
Angola,1992,97,50
Antigua and Barbuda,1992,,1
Argentina,1992,33,41
Armenia,1992,2,2
Australia,1992,1,4
Austria,1992,0,8
Azerbaijan,1992,186,12
Bangladesh,1992,101,76
Barbados,1992,3,1
Belgium,1992,1,9
Belize,1992,1,2
Benin,1992,0,1
Bolivia,1992,5,38
Bosnia-Herzegovina,1992,55,22
Brazil,1992,28,24
Brunei,1992,0,1
Bulgaria,1992,0,2
Burundi,1992,61,2
Cambodia,1992,64,67
Cameroon,1992,6,6
Canada,1992,0,3
Central African Republic,1992,1,1
Chad,1992,170,4
Chile,1992,12,116
China,1992,9,5
Colombia,1992,631,523
Comoros,1992,1,1
Costa Rica,1992,0,2
Croatia,1992,2,4
Cuba,1992,3,4
Cyprus,1992,0,6
Czechoslovakia,1992,0,3
Denmark,1992,1,4
Djibouti,1992,228,6
Dominican Republic,1992,1,11
Ecuador,1992,2,23
Egypt,1992,49,79
El Salvador,1992,23,29
Equatorial Guinea,1992,1,1
Estonia,1992,0,2
Ethiopia,1992,330,13
Fiji,1992,1,1
Finland,1992,0,1
France,1992,9,126
Georgia,1992,109,39
Germany,1992,17,156
Ghana,1992,0,8
Greece,1992,2,35
Guatemala,1992,28,48
Guinea,1992,0,2
Guyana,1992,0,4
Haiti,1992,18,27
Honduras,1992,5,12
Hong Kong,1992,1,6
Hungary,1992,0,1
India,1992,1152,237
Indonesia,1992,33,4
Iran,1992,9,16
Iraq,1992,117,35
Ireland,1992,0,7
Israel,1992,38,78
Italy,1992,17,37
Ivory Coast,1992,1,3
Jamaica,1992,5,6
Japan,1992,0,40
Jordan,1992,1,2
Kazakhstan,1992,9,5
Kenya,1992,155,30
Kuwait,1992,2,15
Laos,1992,3,4
Latvia,1992,0,2
Lebanon,1992,79,91
Liberia,1992,37,10
Libya,1992,0,1
Lithuania,1992,0,1
Madagascar,1992,16,7
Malawi,1992,32,3
Malaysia,1992,0,2
Mali,1992,5,3
Malta,1992,1,1
Martinique,1992,0,1
Mexico,1992,6,6
Moldova,1992,10,11
Morocco,1992,2,1
Mozambique,1992,155,19
Myanmar,1992,139,12
Nepal,1992,9,8
Netherlands,1992,0,12
New Caledonia,1992,0,2
Nicaragua,1992,22,30
Niger,1992,34,16
Nigeria,1992,135,11
Norway,1992,0,2
Pakistan,1992,152,85
Panama,1992,3,37
Papua New Guinea,1992,7,10
Paraguay,1992,0,4
Peru,1992,818,383
Philippines,1992,395,162
Poland,1992,4,5
Portugal,1992,0,1
Romania,1992,0,1
Russia,1992,34,21
Rwanda,1992,141,18
Senegal,1992,64,15
Sierra Leone,1992,21,4
Singapore,1992,0,1
Somalia,1992,8,21
South Africa,1992,706,271
South Korea,1992,1,3
Spain,1992,29,72
Sri Lanka,1992,984,103
Sudan,1992,13,7
Suriname,1992,0,5
Swaziland,1992,0,1
Sweden,1992,2,12
Switzerland,1992,6,6
Taiwan,1992,16,20
Tajikistan,1992,14,17
Thailand,1992,39,25
Togo,1992,12,27
Trinidad and Tobago,1992,0,1
Turkey,1992,1233,514
Uganda,1992,2,3
Ukraine,1992,1,1
United Arab Emirates,1992,0,1
United Kingdom,1992,94,274
United States,1992,2,32
Uruguay,1992,0,11
Uzbekistan,1992,0,2
Venezuela,1992,7,32
Vietnam,1992,0,1
West Bank and Gaza Strip,1992,93,119
Western Sahara,1992,0,1
Yemen,1992,20,24
Yugoslavia,1992,3,12
Zaire,1992,10,5
Zimbabwe,1992,0,1
Afghanistan,1994,22,9
Albania,1994,1,2
Algeria,1994,500,227
Angola,1994,108,9
Argentina,1994,86,14
Armenia,1994,15,4
Australia,1994,3,9
Austria,1994,0,5
Azerbaijan,1994,30,11
Bahrain,1994,0,1
Bangladesh,1994,30,68
Belarus,1994,,1
Belgium,1994,0,5
Benin,1994,0,3
Bolivia,1994,1,8
Bosnia-Herzegovina,1994,3,9
Brazil,1994,15,19
Bulgaria,1994,1,2
Burundi,1994,265,16
Cambodia,1994,225,39
Cameroon,1994,33,6
Canada,1994,0,4
Central African Republic,1994,2,1
Chad,1994,1,1
Chile,1994,0,15
China,1994,18,13
Colombia,1994,218,201
Comoros,1994,0,1
Costa Rica,1994,1,1
Croatia,1994,3,4
Cuba,1994,3,9
Cyprus,1994,2,6
Czech Republic,1994,0,1
Djibouti,1994,6,2
Dominican Republic,1994,2,7
Ecuador,1994,0,6
Egypt,1994,173,143
El Salvador,1994,22,21
Estonia,1994,0,6
Ethiopia,1994,6,4
Finland,1994,0,1
France,1994,7,97
Gabon,1994,0,1
Gambia,1994,13,1
Georgia,1994,29,18
Germany,1994,2,79
Ghana,1994,13,4
Greece,1994,3,42
Guatemala,1994,22,84
Guinea,1994,2,2
Haiti,1994,87,27
Honduras,1994,10,6
Hong Kong,1994,3,4
Hungary,1994,0,2
India,1994,389,107
Indonesia,1994,1,5
Iran,1994,74,43
Iraq,1994,75,18
Ireland,1994,4,10
Israel,1994,60,55
Italy,1994,2,18
Ivory Coast,1994,5,2
Jamaica,1994,2,2
Japan,1994,8,9
Jordan,1994,0,6
Kazakhstan,1994,0,1
Kenya,1994,40,5
Kuwait,1994,0,2
Laos,1994,2,1
Latvia,1994,1,2
Lebanon,1994,57,67
Lesotho,1994,0,3
Liberia,1994,110,3
Luxembourg,1994,0,3
Macedonia,1994,0,1
Mali,1994,131,13
Mexico,1994,88,42
Moldova,1994,1,1
Morocco,1994,0,2
Mozambique,1994,0,3
Myanmar,1994,18,8
Namibia,1994,0,1
Nepal,1994,4,3
Netherlands,1994,0,3
New Zealand,1994,0,1
Nicaragua,1994,12,19
Niger,1994,53,8
Nigeria,1994,15,8
North Korea,1994,3,1
Norway,1994,0,2
Pakistan,1994,354,154
Panama,1994,21,3
Papua New Guinea,1994,17,3
Paraguay,1994,1,2
Peru,1994,81,91
Philippines,1994,126,72
Poland,1994,0,4
Portugal,1994,2,1
Republic of the Congo,1994,12,8
Russia,1994,34,47
Rwanda,1994,1571,33
Saudi Arabia,1994,0,2
Senegal,1994,5,2
Sierra Leone,1994,228,22
Singapore,1994,1,1
Slovak Republic,1994,0,1
Slovenia,1994,1,1
Somalia,1994,78,57
South Africa,1994,447,174
South Korea,1994,1,2
Spain,1994,17,55
Sri Lanka,1994,186,35
Sudan,1994,17,5
Suriname,1994,0,1
Sweden,1994,0,1
Taiwan,1994,1,5
Tajikistan,1994,48,31
Tanzania,1994,1,1
Thailand,1994,17,24
Togo,1994,47,13
Trinidad and Tobago,1994,2,1
Tunisia,1994,1,1
Turkey,1994,982,300
Uganda,1994,22,13
Ukraine,1994,4,10
United Kingdom,1994,66,256
United States,1994,10,55
Uruguay,1994,0,4
Venezuela,1994,4,12
Vietnam,1994,0,1
Wallis and Futuna,1994,0,1
West Bank and Gaza Strip,1994,129,165
Yemen,1994,14,19
Yugoslavia,1994,0,1
Zaire,1994,1,6
Zimbabwe,1994,0,1
Afghanistan,1995,5,6
Algeria,1995,418,185
Angola,1995,52,10
Argentina,1995,0,16
Armenia,1995,2,1
Australia,1995,0,5
Austria,1995,6,12
Azerbaijan,1995,0,2
Bahrain,1995,1,8
Bangladesh,1995,35,74
Belgium,1995,0,1
Benin,1995,0,1
Bolivia,1995,0,2
Bosnia-Herzegovina,1995,2,6
Botswana,1995,0,1
Brazil,1995,13,23
Bulgaria,1995,3,2
Burundi,1995,583,83
Cambodia,1995,21,56
Cameroon,1995,5,2
Canada,1995,1,5
Chad,1995,0,3
Chile,1995,1,17
China,1995,6,8
Colombia,1995,521,123
Croatia,1995,1,1
Cyprus,1995,0,3
Czech Republic,1995,1,3
Denmark,1995,0,6
Djibouti,1995,0,2
Ecuador,1995,4,6
Egypt,1995,134,102
El Salvador,1995,3,9
Eritrea,1995,0,2
Estonia,1995,0,2
Ethiopia,1995,5,5
Finland,1995,0,1
France,1995,19,71
French Polynesia,1995,0,3
Gambia,1995,0,1
Georgia,1995,14,17
Germany,1995,10,147
Ghana,1995,2,1
Greece,1995,0,8
Guatemala,1995,40,82
Haiti,1995,16,34
Honduras,1995,8,12
Hong Kong,1995,0,1
India,1995,361,179
Indonesia,1995,41,24
Iran,1995,0,8
Iraq,1995,156,17
Ireland,1995,1,3
Israel,1995,18,13
Italy,1995,0,1
Ivory Coast,1995,40,7
Jamaica,1995,1,1
Japan,1995,15,20
Jordan,1995,1,3
Kenya,1995,2,4
Latvia,1995,0,1
Lebanon,1995,35,38
Libya,1995,0,1
Lithuania,1995,0,2
Macau,1995,0,1
Macedonia,1995,1,1
Madagascar,1995,4,3
Mali,1995,2,1
Malta,1995,1,2
Mexico,1995,61,29
Morocco,1995,0,1
Mozambique,1995,15,3
Myanmar,1995,30,12
Netherlands,1995,1,7
Nicaragua,1995,6,18
Niger,1995,22,2
Nigeria,1995,1,1
Pakistan,1995,712,666
Panama,1995,3,6
Papua New Guinea,1995,6,10
Paraguay,1995,0,12
Peru,1995,103,44
Philippines,1995,201,63
Poland,1995,0,4
Portugal,1995,0,3
Romania,1995,0,1
Russia,1995,145,37
Rwanda,1995,201,17
Saudi Arabia,1995,14,3
Senegal,1995,18,8
Sierra Leone,1995,40,14
Slovak Republic,1995,3,3
Somalia,1995,29,13
South Africa,1995,105,32
South Korea,1995,0,4
Spain,1995,18,44
Sri Lanka,1995,1020,126
St. Kitts and Nevis,1995,0,2
Sudan,1995,6,4
Swaziland,1995,0,1
Sweden,1995,0,1
Switzerland,1995,1,5
Taiwan,1995,0,4
Tajikistan,1995,78,34
Tanzania,1995,0,1
Thailand,1995,19,12
Togo,1995,0,1
Trinidad and Tobago,1995,4,4
Tunisia,1995,7,1
Turkey,1995,189,133
Uganda,1995,145,7
Ukraine,1995,0,2
United Arab Emirates,1995,0,2
United Kingdom,1995,11,22
United States,1995,178,60
Uruguay,1995,0,1
Uzbekistan,1995,0,1
Venezuela,1995,8,11
Vietnam,1995,0,1
West Bank and Gaza Strip,1995,43,67
Yemen,1995,4,8
Yugoslavia,1995,2,3
Zaire,1995,43,6
Zambia,1995,0,1
Zimbabwe,1995,0,2
Afghanistan,1996,31,4
Albania,1996,7,6
Algeria,1996,529,129
Angola,1996,18,4
Argentina,1996,1,19
Armenia,1996,2,1
Australia,1996,2,5
Austria,1996,0,4
Azerbaijan,1996,2,2
Bahrain,1996,8,16
Bangladesh,1996,89,161
Benin,1996,0,2
Bolivia,1996,0,1
Bosnia-Herzegovina,1996,2,33
Brazil,1996,22,18
Bulgaria,1996,9,12
Burundi,1996,1371,35
Cambodia,1996,44,33
Canada,1996,0,1
Central African Republic,1996,2,1
Chad,1996,1,1
Chile,1996,2,8
China,1996,23,62
Colombia,1996,611,409
Costa Rica,1996,1,1
Croatia,1996,0,3
Cuba,1996,0,1
Cyprus,1996,3,10
Czech Republic,1996,2,3
Dominican Republic,1996,3,3
Ecuador,1996,2,5
Egypt,1996,97,51
El Salvador,1996,26,7
Eritrea,1996,6,1
Estonia,1996,1,1
Ethiopia,1996,133,7
France,1996,18,270
French Guiana,1996,0,2
Gabon,1996,0,1
Georgia,1996,2,3
Germany,1996,1,52
Ghana,1996,3,2
Greece,1996,0,20
Guatemala,1996,14,26
Guinea,1996,2,1
Haiti,1996,14,27
Honduras,1996,11,19
Hong Kong,1996,0,3
Hungary,1996,0,13
India,1996,569,213
Indonesia,1996,30,65
Iran,1996,3,3
Iraq,1996,11,12
Ireland,1996,1,1
Israel,1996,73,19
Italy,1996,0,8
Ivory Coast,1996,5,2
Jamaica,1996,1,1
Japan,1996,0,8
Jordan,1996,0,2
Kenya,1996,2,3
Kyrgyzstan,1996,0,5
Laos,1996,5,1
Lebanon,1996,57,39
Liberia,1996,10,1
Libya,1996,12,4
Lithuania,1996,0,3
Macau,1996,0,10
Madagascar,1996,1,2
Mauritania,1996,0,1
Mexico,1996,96,75
Moldova,1996,0,2
Morocco,1996,0,2
Myanmar,1996,86,13
Nepal,1996,6,5
Netherlands,1996,0,6
New Zealand,1996,0,2
Nicaragua,1996,18,26
Niger,1996,2,1
Nigeria,1996,24,11
Norway,1996,0,1
Pakistan,1996,423,180
Panama,1996,0,2
Papua New Guinea,1996,21,10
Peru,1996,74,42
Philippines,1996,95,61
Poland,1996,1,6
Qatar,1996,0,1
Republic of the Congo,1996,0,1
Russia,1996,135,66
Rwanda,1996,129,15
Saudi Arabia,1996,19,1
Sierra Leone,1996,60,5
Slovak Republic,1996,1,5
Slovenia,1996,0,3
Somalia,1996,28,16
South Africa,1996,82,47
South Korea,1996,0,1
Spain,1996,5,63
Sri Lanka,1996,827,176
Sudan,1996,40,10
Sweden,1996,0,1
Switzerland,1996,1,4
Syria,1996,15,2
Taiwan,1996,9,5
Tajikistan,1996,50,22
Thailand,1996,10,19
Togo,1996,3,1
Trinidad and Tobago,1996,0,3
Turkey,1996,117,54
Uganda,1996,413,29
Ukraine,1996,0,3
United Kingdom,1996,14,36
United States,1996,2,35
Uruguay,1996,0,1
Vanuatu,1996,0,2
Venezuela,1996,13,12
Vietnam,1996,0,1
West Bank and Gaza Strip,1996,17,30
Yemen,1996,3,8
Yugoslavia,1996,9,16
Zaire,1996,223,13
Zambia,1996,0,4
Afghanistan,1997,4,1
Albania,1997,26,41
Algeria,1997,4266,344
Angola,1997,34,7
Argentina,1997,3,11
Australia,1997,0,4
Austria,1997,0,1
Azerbaijan,1997,1,1
Bahamas,1997,1,2
Bahrain,1997,5,11
Bangladesh,1997,14,17
Belarus,1997,1,2
Belgium,1997,4,2
Bolivia,1997,4,4
Bosnia-Herzegovina,1997,5,42
Brazil,1997,28,39
Bulgaria,1997,0,3
Burundi,1997,386,79
Cambodia,1997,100,18
Canada,1997,0,2
Chad,1997,2,1
Chile,1997,0,6
China,1997,37,18
Colombia,1997,1230,598
Comoros,1997,0,3
Costa Rica,1997,2,1
Croatia,1997,2,8
Cuba,1997,1,14
Czech Republic,1997,1,4
Democratic Republic of the Congo,1997,8,1
Djibouti,1997,11,1
Dominica,1997,0,1
Dominican Republic,1997,3,12
Ecuador,1997,1,4
Egypt,1997,165,22
El Salvador,1997,1,2
Ethiopia,1997,8,6
France,1997,0,130
French Guiana,1997,0,2
Gabon,1997,4,1
Georgia,1997,35,6
Germany,1997,0,12
Ghana,1997,1,1
Greece,1997,1,21
Guatemala,1997,22,26
Guyana,1997,0,1
Haiti,1997,9,16
Honduras,1997,14,22
Hungary,1997,3,17
India,1997,853,193
Indonesia,1997,102,27
Iraq,1997,106,21
Ireland,1997,0,4
Israel,1997,31,13
Italy,1997,0,8
Ivory Coast,1997,0,1
Jamaica,1997,10,8
Japan,1997,0,5
Jordan,1997,0,3
Kazakhstan,1997,2,2
Kenya,1997,36,17
Kuwait,1997,0,2
Latvia,1997,0,2
Lebanon,1997,36,46
Lithuania,1997,1,1
Macau,1997,1,16
Macedonia,1997,0,2
Madagascar,1997,0,1
Mali,1997,0,3
Malta,1997,0,1
Mexico,1997,229,95
Moldova,1997,0,1
Myanmar,1997,16,35
Nepal,1997,15,9
Netherlands,1997,0,1
New Zealand,1997,0,1
Nicaragua,1997,7,7
Niger,1997,32,3
Nigeria,1997,107,20
Pakistan,1997,443,206
Panama,1997,3,6
Papua New Guinea,1997,0,2
Paraguay,1997,1,6
Peru,1997,47,58
Philippines,1997,98,57
Poland,1997,2,3
Republic of the Congo,1997,2,2
Russia,1997,61,77
Rwanda,1997,1027,33
Senegal,1997,92,26
Sierra Leone,1997,16,3
Slovak Republic,1997,2,4
Slovenia,1997,0,1
Somalia,1997,145,19
South Africa,1997,23,17
Spain,1997,11,86
Sri Lanka,1997,486,64
Sudan,1997,1,3
Suriname,1997,0,2
Swaziland,1997,0,1
Sweden,1997,1,4
Switzerland,1997,0,1
Syria,1997,2,1
Taiwan,1997,0,1
Tajikistan,1997,43,40
Tanzania,1997,1,1
Thailand,1997,18,20
Turkey,1997,60,44
Uganda,1997,239,24
Ukraine,1997,2,2
United Kingdom,1997,23,78
United States,1997,2,40
Uruguay,1997,0,2
Venezuela,1997,3,41
Vietnam,1997,1,2
West Bank and Gaza Strip,1997,9,22
Yemen,1997,11,19
Yugoslavia,1997,9,38
Zaire,1997,13,5
Afghanistan,1998,8,1
Albania,1998,0,7
Algeria,1998,952,151
Angola,1998,275,20
Armenia,1998,0,2
Australia,1998,0,6
Austria,1998,0,1
Bangladesh,1998,0,2
Belgium,1998,0,3
Bosnia-Herzegovina,1998,2,9
Brazil,1998,0,2
Bulgaria,1998,0,2
Burundi,1998,392,13
Cambodia,1998,35,7
Cameroon,1998,,1
Canada,1998,1,4
Chad,1998,0,1
Chile,1998,0,1
China,1998,50,2
Colombia,1998,592,94
Cyprus,1998,0,1
Democratic Republic of the Congo,1998,67,4
Ecuador,1998,0,3
Egypt,1998,9,3
France,1998,1,12
Georgia,1998,32,12
Germany,1998,0,6
Greece,1998,0,28
Guyana,1998,0,2
Haiti,1998,0,1
Hungary,1998,0,2
India,1998,398,61
Indonesia,1998,9,3
Iran,1998,6,5
Iraq,1998,19,7
Ireland,1998,1,3
Israel,1998,19,14
Italy,1998,0,6
Japan,1998,0,1
Jordan,1998,0,1
Kenya,1998,226,2
Latvia,1998,0,4
Lebanon,1998,17,23
Macau,1998,0,6
Macedonia,1998,0,5
Mexico,1998,3,2
Nigeria,1998,9,2
Pakistan,1998,151,37
Peru,1998,7,5
Philippines,1998,6,18
Poland,1998,0,2
Russia,1998,49,26
Rwanda,1998,100,9
Senegal,1998,4,1
Sierra Leone,1998,258,7
Slovak Republic,1998,1,2
Somalia,1998,0,1
South Africa,1998,13,6
Spain,1998,6,17
Sri Lanka,1998,680,35
Swaziland,1998,1,1
Switzerland,1998,0,1
Syria,1998,,1
Tajikistan,1998,29,11
Tanzania,1998,11,1
Thailand,1998,4,4
Turkey,1998,37,23
Uganda,1998,81,18
United Kingdom,1998,46,63
United States,1998,4,31
Venezuela,1998,0,1
West Bank and Gaza Strip,1998,12,12
Yemen,1998,8,7
Yugoslavia,1998,57,46
Afghanistan,1999,39,9
Albania,1999,6,3
Algeria,1999,467,106
Angola,1999,299,34
Argentina,1999,0,1
Armenia,1999,8,2
Bangladesh,1999,30,11
Belarus,1999,0,1
Belgium,1999,0,2
Bosnia-Herzegovina,1999,1,5
Brazil,1999,1,1
Bulgaria,1999,0,1
Burundi,1999,108,13
Cambodia,1999,1,8
Canada,1999,0,2
Chad,1999,77,1
Chile,1999,0,3
China,1999,5,2
Colombia,1999,262,116
Cyprus,1999,0,1
Democratic Republic of the Congo,1999,7,3
Denmark,1999,0,1
Ecuador,1999,0,2
Egypt,1999,1,1
Estonia,1999,0,1
Ethiopia,1999,2,2
Fiji,1999,0,3
France,1999,0,46
Georgia,1999,5,7
Germany,1999,3,13
Greece,1999,1,35
Guatemala,1999,3,1
Haiti,1999,3,5
India,1999,469,112
Indonesia,1999,67,60
Iran,1999,4,8
Iraq,1999,32,12
Ireland,1999,0,3
Israel,1999,6,8
Italy,1999,1,7
Japan,1999,0,2
Jordan,1999,0,2
Kosovo,1999,23,39
Kyrgyzstan,1999,1,3
Latvia,1999,0,1
Lebanon,1999,23,42
Liberia,1999,0,2
Macedonia,1999,0,3
Mexico,1999,0,1
Mozambique,1999,0,1
Myanmar,1999,10,4
Namibia,1999,13,1
Nepal,1999,23,8
Netherlands,1999,0,1
Nicaragua,1999,0,1
Niger,1999,4,2
Nigeria,1999,134,18
Pakistan,1999,127,39
Panama,1999,0,1
Paraguay,1999,2,1
Peru,1999,28,5
Philippines,1999,45,31
Republic of the Congo,1999,107,3
Russia,1999,395,54
Senegal,1999,1,1
Sierra Leone,1999,28,9
Slovak Republic,1999,0,1
Solomon Islands,1999,2,1
Somalia,1999,9,4
South Africa,1999,4,17
Spain,1999,0,47
Sri Lanka,1999,212,46
Sudan,1999,16,5
Swaziland,1999,0,1
Sweden,1999,0,2
Switzerland,1999,0,2
Tajikistan,1999,2,4
Thailand,1999,0,4
Turkey,1999,127,109
Uganda,1999,75,19
Ukraine,1999,1,6
United Kingdom,1999,7,76
United States,1999,20,53
Uzbekistan,1999,19,8
Venezuela,1999,0,5
West Bank and Gaza Strip,1999,1,11
Yemen,1999,11,17
Yugoslavia,1999,14,23
Zambia,1999,1,7
Afghanistan,2000,38,14
Albania,2000,0,2
Algeria,2000,528,138
Angola,2000,178,22
Armenia,2000,0,2
Australia,2000,0,1
Azerbaijan,2000,0,1
Bangladesh,2000,11,23
Belize,2000,0,1
Bosnia-Herzegovina,2000,1,6
Brazil,2000,0,2
Bulgaria,2000,4,2
Burundi,2000,97,17
Cambodia,2000,12,4
Canada,2000,0,5
Central African Republic,2000,1,1
Chile,2000,0,2
China,2000,1,4
Colombia,2000,426,137
Croatia,2000,3,2
Cyprus,2000,0,2
Democratic Republic of the Congo,2000,40,3
East Timor,2000,1,4
Ecuador,2000,0,4
Ethiopia,2000,3,1
Fiji,2000,7,4
France,2000,4,28
Gambia,2000,0,1
Georgia,2000,3,7
Germany,2000,1,8
Greece,2000,1,28
Guatemala,2000,2,1
Guinea,2000,206,12
Haiti,2000,5,9
Hong Kong,2000,0,2
India,2000,671,180
Indonesia,2000,146,101
Iran,2000,5,15
Iraq,2000,10,10
Israel,2000,11,15
Italy,2000,0,8
Ivory Coast,2000,4,2
Japan,2000,0,13
Jordan,2000,0,2
Kazakhstan,2000,2,1
Kenya,2000,26,4
Kosovo,2000,23,60
Kyrgyzstan,2000,2,4
Laos,2000,1,8
Latvia,2000,1,3
Lebanon,2000,12,12
Liberia,2000,0,1
Macedonia,2000,3,3
Malaysia,2000,2,3
Mexico,2000,5,4
Moldova,2000,0,1
Mozambique,2000,1,3
Namibia,2000,24,21
Nepal,2000,91,23
Netherlands,2000,0,1
Nicaragua,2000,2,1
Nigeria,2000,0,6
Pakistan,2000,118,49
Panama,2000,0,1
Paraguay,2000,0,2
Peru,2000,4,3
Philippines,2000,290,132
Qatar,2000,0,1
Russia,2000,362,138
Rwanda,2000,4,1
Saudi Arabia,2000,1,5
Senegal,2000,4,4
Sierra Leone,2000,60,24
Slovak Republic,2000,0,1
Slovenia,2000,0,1
Solomon Islands,2000,0,1
Somalia,2000,36,9
South Africa,2000,18,21
Spain,2000,29,112
Sri Lanka,2000,449,68
St. Lucia,2000,2,1
Sudan,2000,27,7
Sweden,2000,0,1
Switzerland,2000,0,4
Tajikistan,2000,11,6
Tanzania,2000,0,2
Thailand,2000,7,4
Tunisia,2000,5,1
Turkey,2000,12,35
Uganda,2000,297,20
Ukraine,2000,0,1
United Kingdom,2000,7,61
United States,2000,0,32
West Bank and Gaza Strip,2000,21,28
Yemen,2000,19,10
Yugoslavia,2000,5,14
Zambia,2000,0,8
Zimbabwe,2000,0,1
Afghanistan,2001,174,14
Albania,2001,0,1
Algeria,2001,624,113
Angola,2001,846,40
Argentina,2001,0,2
Armenia,2001,1,2
Australia,2001,0,2
Azerbaijan,2001,1,4
Bangladesh,2001,57,15
Belarus,2001,0,1
Bosnia-Herzegovina,2001,0,2
Brazil,2001,1,3
Bulgaria,2001,0,1
Burundi,2001,166,37
Cambodia,2001,4,7
Central African Republic,2001,7,1
Chile,2001,0,3
China,2001,7,12
Colombia,2001,576,207
Costa Rica,2001,1,1
Croatia,2001,0,3
Cyprus,2001,0,1
Czech Republic,2001,0,1
Democratic Republic of the Congo,2001,15,5
Ecuador,2001,0,5
Estonia,2001,1,1
Fiji,2001,0,1
France,2001,0,21
Georgia,2001,6,4
Germany,2001,3,8
Greece,2001,0,14
Guatemala,2001,1,2
Guinea-Bissau,2001,0,1
Guyana,2001,0,1
Haiti,2001,0,5
Hong Kong,2001,0,1
Hungary,2001,1,1
India,2001,660,234
Indonesia,2001,134,105
Iran,2001,0,4
Iraq,2001,9,3
Ireland,2001,0,2
Israel,2001,141,79
Italy,2001,0,11
Ivory Coast,2001,12,1
Japan,2001,0,3
Jordan,2001,1,2
Kazakhstan,2001,0,1
Kenya,2001,13,7
Kosovo,2001,20,17
Kuwait,2001,2,2
Kyrgyzstan,2001,,1
Laos,2001,0,1
Lebanon,2001,0,5
Liberia,2001,1,3
Macedonia,2001,35,67
Malaysia,2001,0,1
Mexico,2001,13,7
Montenegro,2001,1,1
Myanmar,2001,8,3
Namibia,2001,1,6
Nepal,2001,172,33
Netherlands,2001,0,1
New Zealand,2001,0,1
Nigeria,2001,3,5
Norway,2001,1,1
Pakistan,2001,109,53
Peru,2001,16,3
Philippines,2001,154,50
Poland,2001,0,1
Qatar,2001,1,1
Republic of the Congo,2001,0,1
Russia,2001,228,135
Rwanda,2001,2,2
Saudi Arabia,2001,2,3
Senegal,2001,28,8
Somalia,2001,3,5
South Korea,2001,0,1
Spain,2001,14,79
Sri Lanka,2001,195,36
Sudan,2001,13,9
Switzerland,2001,14,2
Taiwan,2001,2,2
Tajikistan,2001,8,6
Tanzania,2001,2,4
Thailand,2001,11,14
Tunisia,2001,3,1
Turkey,2001,17,19
Uganda,2001,56,24
United Kingdom,2001,8,94
United States,2001,3008,41
Venezuela,2001,0,5
Vietnam,2001,0,4
West Bank and Gaza Strip,2001,105,123
Yemen,2001,2,7
Yugoslavia,2001,8,20
Zimbabwe,2001,1,3
Afghanistan,2002,74,38
Algeria,2002,615,132
Angola,2002,59,6
Azerbaijan,2002,0,1
Bangladesh,2002,21,5
Belgium,2002,0,3
Bosnia-Herzegovina,2002,0,3
Brazil,2002,0,1
Bulgaria,2002,1,1
Burundi,2002,67,18
Cambodia,2002,4,3
Chad,2002,21,4
Chile,2002,0,1
China,2002,1,2
Colombia,2002,356,150
Democratic Republic of the Congo,2002,16,7
Ecuador,2002,0,2
Ethiopia,2002,1,3
France,2002,0,32
Georgia,2002,1,2
Germany,2002,0,3
Greece,2002,0,11
Guyana,2002,4,1
Haiti,2002,0,2
Honduras,2002,0,1
India,2002,599,184
Indonesia,2002,246,43
International,2002,1,1
Iraq,2002,10,6
Israel,2002,337,75
Italy,2002,1,7
Ivory Coast,2002,3,1
Japan,2002,0,2
Jordan,2002,3,2
Kenya,2002,16,2
Kosovo,2002,1,5
Kuwait,2002,4,1
Kyrgyzstan,2002,2,2
Lebanon,2002,2,8
Liberia,2002,3,3
Macedonia,2002,3,8
Madagascar,2002,0,5
Malawi,2002,1,1
Myanmar,2002,5,4
Nepal,2002,486,58
Netherlands,2002,1,2
Nigeria,2002,28,6
Pakistan,2002,105,46
Papua New Guinea,2002,,1
Peru,2002,9,2
Philippines,2002,125,48
Republic of the Congo,2002,17,3
Russia,2002,512,89
Saudi Arabia,2002,1,2
Senegal,2002,8,3
Solomon Islands,2002,1,1
Somalia,2002,6,3
South Africa,2002,1,8
Spain,2002,5,41
Sri Lanka,2002,3,3
Sudan,2002,589,13
Tanzania,2002,24,2
Thailand,2002,16,12
Tunisia,2002,21,1
Turkey,2002,0,5
Turkmenistan,2002,0,1
Uganda,2002,173,24
Ukraine,2002,1,3
United Kingdom,2002,2,21
United States,2002,4,33
Venezuela,2002,0,5
West Bank and Gaza Strip,2002,177,86
Yemen,2002,4,7
Yugoslavia,2002,0,3
Zambia,2002,0,1
Zimbabwe,2002,8,8
Afghanistan,2003,163,100
Albania,2003,0,1
Algeria,2003,269,75
Argentina,2003,0,1
Bahrain,2003,0,1
Bangladesh,2003,3,4
Belgium,2003,0,8
Bolivia,2003,0,1
Bosnia-Herzegovina,2003,0,1
Brazil,2003,0,1
Burundi,2003,116,18
Cambodia,2003,1,1
Chile,2003,0,2
China,2003,1,3
Colombia,2003,184,98
Czech Republic,2003,0,1
Democratic Republic of the Congo,2003,154,6
East Timor,2003,5,2
Ecuador,2003,0,4
Ethiopia,2003,2,1
France,2003,0,34
Georgia,2003,0,6
Germany,2003,0,2
Greece,2003,0,12
Guatemala,2003,1,3
Guinea-Bissau,2003,1,1
Guyana,2003,0,1
Haiti,2003,4,5
India,2003,472,196
Indonesia,2003,26,18
Iran,2003,0,2
Iraq,2003,391,102
Ireland,2003,0,1
Israel,2003,156,38
Italy,2003,0,15
Japan,2003,0,2
Kenya,2003,3,2
Kosovo,2003,7,9
Kuwait,2003,1,3
Kyrgyzstan,2003,1,1
Laos,2003,10,2
Lebanon,2003,3,5
Liberia,2003,2,2
Macedonia,2003,0,5
Mexico,2003,2,1
Morocco,2003,45,5
Myanmar,2003,18,9
Nepal,2003,22,15
Netherlands,2003,0,3
New Zealand,2003,0,3
Nigeria,2003,28,9
Norway,2003,0,1
Pakistan,2003,119,29
Peru,2003,7,1
Philippines,2003,288,107
Republic of the Congo,2003,11,1
Russia,2003,328,76
Saudi Arabia,2003,55,8
Serbia-Montenegro,2003,2,6
Solomon Islands,2003,1,1
Somalia,2003,7,1
South Korea,2003,0,1
Spain,2003,3,21
Sri Lanka,2003,23,9
Swaziland,2003,0,1
Switzerland,2003,0,1
Thailand,2003,6,6
Turkey,2003,67,19
Uganda,2003,231,30
Ukraine,2003,0,1
United Kingdom,2003,2,23
United States,2003,0,33
Venezuela,2003,0,8
West Bank and Gaza Strip,2003,60,45
Yemen,2003,16,7
Zimbabwe,2003,0,1
Afghanistan,2004,275,88
Algeria,2004,166,67
Bangladesh,2004,43,11
Burundi,2004,18,1
Canada,2004,0,2
China,2004,4,2
Colombia,2004,83,37
Cyprus,2004,0,1
Democratic Republic of the Congo,2004,22,5
Djibouti,2004,0,1
Ecuador,2004,0,2
Egypt,2004,37,3
Ethiopia,2004,1,2
France,2004,0,11
Georgia,2004,0,3
Germany,2004,1,3
Greece,2004,0,4
Guatemala,2004,3,2
Haiti,2004,7,2
Honduras,2004,28,1
India,2004,334,108
Indonesia,2004,42,17
Iraq,2004,2171,323
Israel,2004,59,19
Italy,2004,1,3
Ivory Coast,2004,12,1
Kosovo,2004,0,1
Lebanon,2004,1,1
Mauritania,2004,0,1
Mexico,2004,0,1
Myanmar,2004,1,2
Nepal,2004,630,62
Netherlands,2004,1,1
Nigeria,2004,41,6
Pakistan,2004,304,67
Peru,2004,6,3
Philippines,2004,206,32
Russia,2004,607,44
Saudi Arabia,2004,64,17
Serbia-Montenegro,2004,1,1
Somalia,2004,2,1
Spain,2004,193,31
Sri Lanka,2004,30,33
Sudan,2004,28,5
Syria,2004,4,1
Taiwan,2004,0,2
Tanzania,2004,0,1
Thailand,2004,32,44
Turkey,2004,25,27
Uganda,2004,193,10
United Kingdom,2004,0,5
United States,2004,0,9
Uzbekistan,2004,36,5
West Bank and Gaza Strip,2004,31,34
Afghanistan,2005,367,155
Algeria,2005,228,104
Argentina,2005,0,3
Bangladesh,2005,44,23
Bolivia,2005,0,1
Bosnia-Herzegovina,2005,0,1
Burundi,2005,13,5
China,2005,12,1
Colombia,2005,145,42
Croatia,2005,0,1
Democratic Republic of the Congo,2005,31,5
East Timor,2005,0,1
Egypt,2005,92,2
Ethiopia,2005,9,5
France,2005,0,33
Georgia,2005,8,6
Germany,2005,2,3
Greece,2005,0,6
Guinea,2005,0,1
Guinea-Bissau,2005,3,4
Haiti,2005,1,1
Hong Kong,2005,0,1
India,2005,466,146
Indonesia,2005,66,15
Iran,2005,13,5
Iraq,2005,3384,617
Israel,2005,45,43
Italy,2005,1,6
Ivory Coast,2005,41,1
Jordan,2005,62,4
Kenya,2005,56,2
Kosovo,2005,1,8
Kuwait,2005,2,2
Kyrgyzstan,2005,0,2
Lebanon,2005,22,17
Mali,2005,,1
Mauritania,2005,23,1
Mexico,2005,2,1
Myanmar,2005,21,8
Nepal,2005,211,70
Nigeria,2005,19,9
Pakistan,2005,152,77
Peru,2005,7,2
Philippines,2005,49,25
Qatar,2005,2,1
Russia,2005,157,64
Rwanda,2005,30,1
Saudi Arabia,2005,1,1
Senegal,2005,0,1
Serbia-Montenegro,2005,0,2
Somalia,2005,20,6
Spain,2005,0,24
Sri Lanka,2005,125,133
Sudan,2005,54,6
Sweden,2005,0,3
Tajikistan,2005,0,1
Thailand,2005,130,155
Togo,2005,0,1
Trinidad and Tobago,2005,0,2
Turkey,2005,35,41
Uganda,2005,80,11
United Kingdom,2005,57,29
United States,2005,0,21
Uruguay,2005,0,1
Uzbekistan,2005,10,2
West Bank and Gaza Strip,2005,20,38
Yemen,2005,12,7
Afghanistan,2006,732,282
Algeria,2006,185,152
Australia,2006,0,2
Austria,2006,0,1
Bahrain,2006,0,1
Bangladesh,2006,19,23
Belarus,2006,0,1
Bhutan,2006,4,1
Bosnia-Herzegovina,2006,0,1
Brazil,2006,1,3
Burundi,2006,21,5
Canada,2006,0,2
Central African Republic,2006,4,1
Chad,2006,103,11
Chile,2006,0,1
Colombia,2006,79,43
Democratic Republic of the Congo,2006,23,5
Egypt,2006,19,5
Ethiopia,2006,12,11
France,2006,1,34
Georgia,2006,5,3
Germany,2006,2,4
Greece,2006,0,23
Guatemala,2006,5,4
Guinea-Bissau,2006,11,1
Guyana,2006,6,2
Haiti,2006,2,1
India,2006,722,167
Indonesia,2006,6,10
Iran,2006,48,14
Iraq,2006,4616,838
Ireland,2006,1,1
Israel,2006,57,81
Italy,2006,0,4
Ivory Coast,2006,20,3
Jordan,2006,1,1
Kenya,2006,18,2
Kosovo,2006,0,6
Kyrgyzstan,2006,1,3
Lebanon,2006,17,8
Lesotho,2006,0,1
Macedonia,2006,0,3
Madagascar,2006,0,1
Maldives,2006,0,1
Mexico,2006,7,7
Moldova,2006,2,1
Myanmar,2006,0,2
Nepal,2006,133,83
Nigeria,2006,254,37
Norway,2006,0,1
Pakistan,2006,315,164
Peru,2006,7,1
Philippines,2006,60,58
Russia,2006,57,56
Saudi Arabia,2006,4,3
Serbia-Montenegro,2006,0,2
Somalia,2006,22,10
South Korea,2006,0,1
Spain,2006,2,23
Sri Lanka,2006,1012,217
Sudan,2006,484,24
Swaziland,2006,0,1
Sweden,2006,0,1
Syria,2006,5,1
Thailand,2006,194,202
Turkey,2006,46,43
United Kingdom,2006,0,6
United States,2006,1,6
West Bank and Gaza Strip,2006,20,35
Yemen,2006,14,5
Zimbabwe,2006,0,1
Afghanistan,2007,1199,341
Algeria,2007,241,124
Armenia,2007,0,1
Austria,2007,0,1
Azerbaijan,2007,0,1
Bangladesh,2007,1,9
Belgium,2007,0,1
Benin,2007,0,1
Bolivia,2007,0,3
Bosnia-Herzegovina,2007,1,2
Burundi,2007,3,3
Cameroon,2007,31,1
Central African Republic,2007,1,1
Chad,2007,136,7
Chile,2007,0,8
Colombia,2007,64,30
Cuba,2007,1,1
Cyprus,2007,0,1
Democratic Republic of the Congo,2007,72,11
East Timor,2007,1,2
Eritrea,2007,0,2
Ethiopia,2007,204,5
Finland,2007,9,1
France,2007,3,16
Germany,2007,1,3
Greece,2007,0,15
Haiti,2007,1,2
India,2007,626,149
Indonesia,2007,0,2
Iran,2007,24,9
Iraq,2007,6667,1047
Ireland,2007,0,1
Israel,2007,17,53
Ivory Coast,2007,0,1
Jamaica,2007,0,1
Kenya,2007,33,12
Kosovo,2007,1,5
Kyrgyzstan,2007,0,1
Latvia,2007,0,1
Lebanon,2007,40,18
Libya,2007,0,1
Macedonia,2007,0,1
Maldives,2007,0,1
Mali,2007,20,5
Mexico,2007,25,10
Montenegro,2007,0,1
Morocco,2007,13,6
Mozambique,2007,6,1
Myanmar,2007,10,3
Nepal,2007,44,90
Niger,2007,66,7
Nigeria,2007,82,61
Pakistan,2007,1406,260
Papua New Guinea,2007,0,1
Peru,2007,18,4
Philippines,2007,115,65
Russia,2007,55,51
Saudi Arabia,2007,3,1
Senegal,2007,1,1
Somalia,2007,408,156
South Africa,2007,1,2
Spain,2007,0,11
Sri Lanka,2007,410,132
Sudan,2007,317,23
Switzerland,2007,0,2
Tajikistan,2007,1,1
Thailand,2007,264,293
Tunisia,2007,14,1
Turkey,2007,25,29
Uganda,2007,2,1
Ukraine,2007,0,1
United Kingdom,2007,4,20
United States,2007,0,8
Venezuela,2007,1,2
West Bank and Gaza Strip,2007,112,88
Western Sahara,2007,0,1
Yemen,2007,24,7
Zimbabwe,2007,0,1
Afghanistan,2008,1092,414
Algeria,2008,249,107
Australia,2008,0,3
Austria,2008,0,7
Azerbaijan,2008,5,2
Bahrain,2008,1,1
Bangladesh,2008,9,19
Belarus,2008,0,1
Bhutan,2008,5,3
Bosnia-Herzegovina,2008,2,4
Bulgaria,2008,0,2
Burundi,2008,28,7
Cambodia,2008,1,2
Cameroon,2008,3,1
Canada,2008,0,5
Central African Republic,2008,1,2
Chad,2008,172,8
Chile,2008,0,4
China,2008,39,20
Colombia,2008,85,133
Croatia,2008,0,2
Czech Republic,2008,0,2
Democratic Republic of the Congo,2008,319,20
Denmark,2008,0,1
East Timor,2008,2,1
Ecuador,2008,0,2
Egypt,2008,0,1
Eritrea,2008,4,2
Ethiopia,2008,27,8
Finland,2008,0,1
France,2008,0,13
Georgia,2008,13,33
Germany,2008,0,3
Greece,2008,0,53
Guyana,2008,23,3
Hong Kong,2008,0,1
Hungary,2008,0,2
India,2008,824,534
Indonesia,2008,0,13
Iran,2008,26,8
Iraq,2008,2864,1106
Ireland,2008,0,5
Israel,2008,34,134
Italy,2008,0,2
Japan,2008,0,3
Kazakhstan,2008,2,1
Kenya,2008,103,11
Kosovo,2008,0,11
Lebanon,2008,142,58
Liberia,2008,12,1
Libya,2008,0,1
Macedonia,2008,2,9
Malaysia,2008,0,2
Maldives,2008,0,1
Mali,2008,55,9
Mauritania,2008,12,2
Mexico,2008,21,8
Myanmar,2008,14,20
Nepal,2008,50,120
Netherlands,2008,0,1
New Zealand,2008,0,5
Niger,2008,6,9
Nigeria,2008,72,76
Pakistan,2008,1184,568
Peru,2008,0,1
Philippines,2008,220,276
Romania,2008,0,1
Russia,2008,95,170
Rwanda,2008,0,1
Senegal,2008,10,2
Serbia,2008,2,4
Somalia,2008,436,172
South Africa,2008,0,1
Spain,2008,3,37
Sri Lanka,2008,353,100
Sudan,2008,205,32
Swaziland,2008,0,3
Sweden,2008,0,1
Syria,2008,18,1
Taiwan,2008,0,1
Tanzania,2008,0,1
Thailand,2008,166,200
Tunisia,2008,0,2
Turkey,2008,42,32
Uganda,2008,3,7
Ukraine,2008,0,1
United Kingdom,2008,0,39
United States,2008,2,18
Venezuela,2008,1,1
West Bank and Gaza Strip,2008,17,63
Yemen,2008,74,22
Zimbabwe,2008,7,5
Afghanistan,2009,1065,503
Albania,2009,0,1
Algeria,2009,204,108
Angola,2009,2,1
Argentina,2009,0,1
Armenia,2009,1,1
Australia,2009,0,1
Austria,2009,1,3
Azerbaijan,2009,1,2
Bangladesh,2009,18,27
Belgium,2009,0,1
Bolivia,2009,0,3
Bosnia-Herzegovina,2009,0,1
Cameroon,2009,0,1
Canada,2009,0,4
Central African Republic,2009,38,5
Chad,2009,0,3
Chile,2009,0,8
China,2009,186,7
Colombia,2009,107,139
Croatia,2009,0,1
Czech Republic,2009,0,1
Democratic Republic of the Congo,2009,824,54
Ecuador,2009,0,1
Egypt,2009,1,2
Equatorial Guinea,2009,1,1
Eritrea,2009,2,1
Ethiopia,2009,13,2
France,2009,0,9
Georgia,2009,5,25
Germany,2009,0,4
Greece,2009,1,115
Guinea-Bissau,2009,1,1
Honduras,2009,2,8
Hungary,2009,2,1
India,2009,774,672
Indonesia,2009,15,19
Iran,2009,97,15
Iraq,2009,2585,1137
Israel,2009,1,36
Italy,2009,0,4
Japan,2009,0,1
Kenya,2009,0,1
Kosovo,2009,0,1
Lebanon,2009,17,14
Lesotho,2009,0,1
Macedonia,2009,0,1
Madagascar,2009,2,1
Malaysia,2009,0,1
Mali,2009,30,6
Mauritania,2009,2,5
Mexico,2009,2,1
Moldova,2009,0,1
Myanmar,2009,46,14
Nepal,2009,20,39
Netherlands,2009,7,1
Niger,2009,18,4
Nigeria,2009,316,42
Pakistan,2009,1487,667
Panama,2009,1,1
Peru,2009,19,4
Philippines,2009,151,229
Russia,2009,141,152
Rwanda,2009,4,1
Saudi Arabia,2009,5,3
Senegal,2009,9,3
Serbia,2009,0,3
Somalia,2009,381,122
Spain,2009,3,21
Sri Lanka,2009,201,37
Sudan,2009,77,26
Sweden,2009,0,1
Tajikistan,2009,0,1
Thailand,2009,270,298
Turkey,2009,18,13
Uganda,2009,11,2
Ukraine,2009,0,2
United Kingdom,2009,3,23
United States,2009,18,11
Uzbekistan,2009,3,2
Venezuela,2009,10,3
West Bank and Gaza Strip,2009,7,10
Yemen,2009,47,23
Afghanistan,2010,1157,542
Algeria,2010,109,100
Angola,2010,4,2
Argentina,2010,0,5
Australia,2010,0,1
Bahrain,2010,0,2
Bangladesh,2010,15,22
Belarus,2010,0,2
Bosnia-Herzegovina,2010,1,1
Burundi,2010,14,29
Cameroon,2010,5,3
Canada,2010,0,2
Central African Republic,2010,46,13
Chad,2010,0,1
Chile,2010,0,5
China,2010,7,1
Colombia,2010,56,136
Democratic Republic of the Congo,2010,118,18
Denmark,2010,0,1
Egypt,2010,0,2
Eritrea,2010,17,1
Ethiopia,2010,8,2
France,2010,0,3
Georgia,2010,4,7
Germany,2010,0,1
Greece,2010,4,49
India,2010,812,663
Indonesia,2010,0,4
Iran,2010,115,14
Iraq,2010,2074,1179
Ireland,2010,0,4
Israel,2010,4,14
Italy,2010,0,10
Ivory Coast,2010,10,7
Jordan,2010,1,2
Kenya,2010,19,12
Kosovo,2010,1,1
Kyrgyzstan,2010,0,1
Lebanon,2010,2,5
Mali,2010,1,1
Mauritania,2010,1,1
Mexico,2010,0,5
Myanmar,2010,13,11
Nepal,2010,10,38
Netherlands,2010,0,1
Niger,2010,9,3
Nigeria,2010,117,63
Norway,2010,0,1
Pakistan,2010,1699,713
Paraguay,2010,2,2
Philippines,2010,155,205
Poland,2010,1,1
Russia,2010,231,251
Rwanda,2010,6,8
Senegal,2010,3,1
Serbia,2010,0,1
Somalia,2010,295,130
Spain,2010,0,3
Sri Lanka,2010,2,3
Sudan,2010,81,28
Sweden,2010,1,3
Tajikistan,2010,4,1
Tanzania,2010,0,1
Thailand,2010,154,253
Trinidad and Tobago,2010,0,1
Turkey,2010,13,20
Uganda,2010,75,6
Ukraine,2010,1,4
United Arab Emirates,2010,0,2
United Kingdom,2010,0,57
United States,2010,4,17
West Bank and Gaza Strip,2010,0,11
Yemen,2010,345,112
Zimbabwe,2010,1,1
Afghanistan,2011,1525,421
Algeria,2011,25,15
Argentina,2011,0,1
Austria,2011,0,1
Bahrain,2011,0,1
Bangladesh,2011,9,13
Belarus,2011,13,1
Bhutan,2011,0,1
Bosnia-Herzegovina,2011,0,1
Bulgaria,2011,0,2
Burundi,2011,47,8
Cameroon,2011,4,3
Central African Republic,2011,35,3
Chile,2011,0,6
China,2011,19,4
Colombia,2011,43,94
Czech Republic,2011,0,1
Democratic Republic of the Congo,2011,50,16
Ecuador,2011,0,1
Egypt,2011,28,18
Eritrea,2011,17,1
Estonia,2011,1,1
Ethiopia,2011,2,3
France,2011,0,8
Georgia,2011,1,3
Germany,2011,2,8
Greece,2011,0,11
Honduras,2011,2,1
India,2011,499,645
Indonesia,2011,20,21
Iran,2011,18,13
Iraq,2011,1870,1308
Ireland,2011,1,4
Israel,2011,21,51
Italy,2011,2,5
Ivory Coast,2011,23,3
Kazakhstan,2011,12,5
Kenya,2011,42,42
Kosovo,2011,0,1
Kuwait,2011,0,1
Kyrgyzstan,2011,0,1
Lebanon,2011,1,10
Libya,2011,0,2
Madagascar,2011,0,1
Mali,2011,5,4
Mauritania,2011,1,3
Mexico,2011,0,2
Morocco,2011,17,1
Myanmar,2011,0,2
Nepal,2011,16,46
Netherlands,2011,0,2
Niger,2011,4,2
Nigeria,2011,447,175
Norway,2011,77,3
Pakistan,2011,1676,1012
Paraguay,2011,0,4
Philippines,2011,127,151
Portugal,2011,0,2
Russia,2011,160,188
Rwanda,2011,2,2
Saudi Arabia,2011,3,2
Senegal,2011,21,4
Somalia,2011,344,185
Sudan,2011,193,38
Sweden,2011,0,1
Switzerland,2011,0,3
Syria,2011,163,49
Thailand,2011,152,182
Tunisia,2011,4,3
Turkey,2011,25,51
Ukraine,2011,0,3
United Kingdom,2011,1,47
United States,2011,0,10
West Bank and Gaza Strip,2011,15,20
Yemen,2011,461,118
Zimbabwe,2011,0,1
Afghanistan,2012,3521,1469
Algeria,2012,30,41
Argentina,2012,0,2
Bahrain,2012,4,26
Bangladesh,2012,8,18
Belarus,2012,0,3
Belgium,2012,1,1
Bolivia,2012,0,1
Brazil,2012,1,1
Bulgaria,2012,8,2
Burundi,2012,6,4
Canada,2012,0,3
Central African Republic,2012,14,4
Chile,2012,0,2
China,2012,27,4
Colombia,2012,168,115
Cyprus,2012,0,1
Democratic Republic of the Congo,2012,288,25
Ecuador,2012,0,1
Egypt,2012,44,49
Ethiopia,2012,25,3
France,2012,8,66
Georgia,2012,1,3
Germany,2012,0,5
Greece,2012,0,22
Guatemala,2012,2,1
Guinea-Bissau,2012,1,1
Iceland,2012,0,1
India,2012,264,611
Indonesia,2012,15,39
Iran,2012,12,5
Iraq,2012,2686,1437
Ireland,2012,0,29
Israel,2012,14,65
Italy,2012,0,10
Ivory Coast,2012,45,16
Jordan,2012,1,2
Kazakhstan,2012,2,4
Kenya,2012,107,80
Kosovo,2012,3,4
Laos,2012,0,1
Lebanon,2012,9,15
Liberia,2012,0,1
Libya,2012,33,57
Macedonia,2012,5,1
Madagascar,2012,0,1
Malaysia,2012,2,2
Maldives,2012,0,1
Mali,2012,53,19
Mexico,2012,17,16
Moldova,2012,0,1
Mozambique,2012,1,1
Myanmar,2012,16,17
Nepal,2012,9,46
Niger,2012,1,1
Nigeria,2012,1508,616
Pakistan,2012,2784,1654
Paraguay,2012,1,4
Peru,2012,10,6
Philippines,2012,211,249
Russia,2012,161,151
Rwanda,2012,10,6
Saudi Arabia,2012,4,6
Senegal,2012,16,12
Serbia,2012,1,3
Somalia,2012,783,325
South Africa,2012,5,4
South Sudan,2012,68,5
Spain,2012,0,1
Sri Lanka,2012,0,4
Sudan,2012,60,40
Sweden,2012,0,2
Syria,2012,877,180
Tajikistan,2012,3,5
Thailand,2012,209,279
Tunisia,2012,4,3
Turkey,2012,247,188
Uganda,2012,5,4
Ukraine,2012,1,8
United Kingdom,2012,2,55
United States,2012,7,20
Venezuela,2012,0,1
West Bank and Gaza Strip,2012,12,23
Yemen,2012,1056,312
Afghanistan,2013,3709,1443
Albania,2013,0,1
Algeria,2013,101,22
Argentina,2013,0,2
Armenia,2013,0,1
Australia,2013,0,1
Austria,2013,0,1
Bahamas,2013,0,1
Bahrain,2013,3,52
Bangladesh,2013,16,139
Belize,2013,0,1
Bosnia-Herzegovina,2013,0,1
Brazil,2013,2,3
Bulgaria,2013,0,3
Burkina Faso,2013,1,1
Burundi,2013,5,2
Cambodia,2013,0,2
Cameroon,2013,7,3
Canada,2013,0,4
Central African Republic,2013,120,20
Chile,2013,2,5
China,2013,60,12
Colombia,2013,137,149
Croatia,2013,0,2
Cyprus,2013,0,9
Czech Republic,2013,1,1
Democratic Republic of the Congo,2013,150,22
Denmark,2013,0,1
Dominican Republic,2013,0,1
Ecuador,2013,1,2
Egypt,2013,243,321
Ethiopia,2013,17,5
France,2013,0,18
Georgia,2013,2,2
Greece,2013,3,54
Guatemala,2013,4,6
Guinea,2013,0,2
Honduras,2013,5,2
India,2013,467,694
Indonesia,2013,23,32
Iran,2013,39,11
Iraq,2013,7041,2852
Ireland,2013,0,27
Israel,2013,2,37
Italy,2013,0,7
Ivory Coast,2013,4,4
Japan,2013,0,1
Jordan,2013,0,1
Kazakhstan,2013,0,4
Kenya,2013,207,80
Kosovo,2013,1,6
Lebanon,2013,190,121
Libya,2013,232,291
Madagascar,2013,0,2
Malaysia,2013,2,13
Maldives,2013,0,3
Mali,2013,137,58
Mexico,2013,47,8
Montenegro,2013,0,2
Mozambique,2013,37,18
Myanmar,2013,11,18
Nepal,2013,3,104
Niger,2013,26,4
Nigeria,2013,2014,346
Pakistan,2013,2875,2215
Paraguay,2013,12,10
Peru,2013,6,10
Philippines,2013,432,651
Republic of the Congo,2013,2,1
Russia,2013,148,144
Rwanda,2013,6,4
Saudi Arabia,2013,1,6
Senegal,2013,7,3
Somalia,2013,660,342
South Africa,2013,2,13
South Sudan,2013,226,13
Spain,2013,0,5
Sri Lanka,2013,0,14
Sudan,2013,220,46
Switzerland,2013,0,2
Syria,2013,1568,285
Taiwan,2013,0,2
Tanzania,2013,8,7
Thailand,2013,255,472
Trinidad and Tobago,2013,0,3
Tunisia,2013,25,29
Turkey,2013,83,42
Ukraine,2013,1,5
United Arab Emirates,2013,0,1
United Kingdom,2013,4,137
United States,2013,23,20
Venezuela,2013,0,1
West Bank and Gaza Strip,2013,12,64
Yemen,2013,624,425
Zimbabwe,2013,1,3
Afghanistan,2014,5414,1824
Albania,2014,1,2
Algeria,2014,37,13
Argentina,2014,0,1
Australia,2014,4,8
Azerbaijan,2014,0,3
Bahrain,2014,9,42
Bangladesh,2014,38,130
Belgium,2014,4,2
Bhutan,2014,,1
Bosnia-Herzegovina,2014,0,3
Brazil,2014,2,3
Bulgaria,2014,0,1
Burundi,2014,4,5
Cameroon,2014,789,68
Canada,2014,7,3
Central African Republic,2014,751,94
Chad,2014,6,1
Chile,2014,1,17
China,2014,322,37
Colombia,2014,143,231
Cyprus,2014,0,5
Czech Republic,2014,1,5
Democratic Republic of the Congo,2014,366,110
Djibouti,2014,5,1
Dominican Republic,2014,0,1
Egypt,2014,343,354
Ethiopia,2014,9,2
France,2014,1,14
Georgia,2014,0,2
Germany,2014,0,13
Ghana,2014,0,1
Greece,2014,0,26
Honduras,2014,0,1
Hungary,2014,0,1
Iceland,2014,0,1
India,2014,490,860
Indonesia,2014,20,35
Iran,2014,13,9
Iraq,2014,13965,3933
Ireland,2014,0,33
Israel,2014,49,293
Italy,2014,0,7
Ivory Coast,2014,4,1
Jamaica,2014,0,1
Japan,2014,0,5
Jordan,2014,1,3
Kenya,2014,315,115
Kosovo,2014,2,4
Kyrgyzstan,2014,1,2
Lebanon,2014,134,204
Liberia,2014,0,1
Libya,2014,694,728
Macedonia,2014,0,3
Madagascar,2014,1,1
Malaysia,2014,1,12
Maldives,2014,0,9
Mali,2014,125,69
Malta,2014,0,1
Mexico,2014,1,5
Mozambique,2014,22,22
Myanmar,2014,17,15
Nepal,2014,0,7
Netherlands,2014,0,1
New Zealand,2014,0,1
Nicaragua,2014,5,2
Niger,2014,11,5
Nigeria,2014,7781,714
Pakistan,2014,2413,2151
Paraguay,2014,6,15
Peru,2014,4,12
Philippines,2014,472,597
Russia,2014,67,48
Rwanda,2014,1,2
Saudi Arabia,2014,20,14
Senegal,2014,7,2
Somalia,2014,1589,872
South Africa,2014,9,20
South Sudan,2014,908,40
Spain,2014,0,4
Sri Lanka,2014,3,16
Sudan,2014,546,157
Sweden,2014,0,5
Syria,2014,3312,331
Taiwan,2014,0,1
Tajikistan,2014,1,1
Tanzania,2014,4,11
Thailand,2014,192,423
Tunisia,2014,43,23
Turkey,2014,39,94
Turkmenistan,2014,3,1
Uganda,2014,98,6
Ukraine,2014,1396,895
United Arab Emirates,2014,1,2
United Kingdom,2014,0,103
United States,2014,26,29
Venezuela,2014,1,4
West Bank and Gaza Strip,2014,67,133
Yemen,2014,1353,763
Zimbabwe,2014,0,1
Afghanistan,2015,6216,1928
Albania,2015,0,4
Algeria,2015,21,16
Argentina,2015,0,1
Armenia,2015,0,2
Australia,2015,2,14
Bahrain,2015,5,18
Bangladesh,2015,86,469
Bosnia-Herzegovina,2015,4,6
Brazil,2015,3,5
Bulgaria,2015,0,2
Burkina Faso,2015,16,6
Burundi,2015,223,102
Cameroon,2015,931,83
Canada,2015,0,5
Central African Republic,2015,171,48
Chad,2015,306,27
Chile,2015,0,1
China,2015,123,17
Colombia,2015,104,136
Cyprus,2015,0,3
Czech Republic,2015,0,4
Democratic Republic of the Congo,2015,371,143
Denmark,2015,2,4
Djibouti,2015,,1
Ecuador,2015,0,1
Egypt,2015,829,647
Estonia,2015,0,2
Ethiopia,2015,48,7
Finland,2015,0,9
France,2015,162,37
Georgia,2015,0,1
Germany,2015,1,65
Greece,2015,1,31
Guinea,2015,1,2
Hungary,2015,0,1
India,2015,387,884
Indonesia,2015,22,29
Iran,2015,38,9
Iraq,2015,8885,2751
Ireland,2015,0,28
Israel,2015,20,58
Italy,2015,0,5
Ivory Coast,2015,14,4
Japan,2015,0,10
Jordan,2015,7,4
Kenya,2015,281,71
Kosovo,2015,0,2
Kuwait,2015,28,1
Kyrgyzstan,2015,1,3
Laos,2015,0,2
Lebanon,2015,111,44
Lesotho,2015,1,1
Libya,2015,689,543
Macedonia,2015,0,4
Malaysia,2015,1,5
Maldives,2015,0,2
Mali,2015,269,121
Malta,2015,0,1
Mexico,2015,9,19
Montenegro,2015,0,1
Morocco,2015,0,1
Mozambique,2015,12,8
Myanmar,2015,60,37
Nepal,2015,0,48
Netherlands,2015,0,3
Niger,2015,666,41
Nigeria,2015,5559,638
Pakistan,2015,1608,1243
Paraguay,2015,14,19
Peru,2015,6,10
Philippines,2015,447,721
Qatar,2015,0,1
Russia,2015,21,21
Saudi Arabia,2015,213,103
Senegal,2015,0,2
Somalia,2015,1447,418
South Africa,2015,5,5
South Korea,2015,0,1
South Sudan,2015,218,54
Spain,2015,0,1
Sri Lanka,2015,3,11
Sudan,2015,210,158
Sweden,2015,4,32
Syria,2015,3924,491
Tajikistan,2015,12,3
Tanzania,2015,10,14
Thailand,2015,116,278
Trinidad and Tobago,2015,0,1
Tunisia,2015,103,17
Turkey,2015,490,422
Uganda,2015,4,10
Ukraine,2015,765,637
United Kingdom,2015,1,114
United States,2015,54,38
Uzbekistan,2015,0,1
Venezuela,2015,1,3
West Bank and Gaza Strip,2015,117,246
Yemen,2015,2374,664
Afghanistan,2016,6142,1617
Albania,2016,0,2
Algeria,2016,9,9
Angola,2016,0,2
Argentina,2016,0,2
Armenia,2016,6,2
Australia,2016,0,9
Austria,2016,0,3
Azerbaijan,2016,1,2
Bahrain,2016,1,3
Bangladesh,2016,76,88
Belgium,2016,36,6
Brazil,2016,1,2
Bulgaria,2016,0,1
Burkina Faso,2016,62,10
Burundi,2016,74,83
Cameroon,2016,269,56
Canada,2016,1,6
Central African Republic,2016,189,38
Chad,2016,22,5
Chile,2016,2,18
China,2016,13,5
Colombia,2016,52,109
Cyprus,2016,0,2
Czech Republic,2016,0,2
Democratic Republic of the Congo,2016,532,169
Denmark,2016,1,1
Ecuador,2016,1,2
Egypt,2016,609,376
Ethiopia,2016,279,13
Finland,2016,0,3
France,2016,95,26
Georgia,2016,1,4
Germany,2016,27,44
Ghana,2016,0,1
Greece,2016,66,31
Guinea,2016,1,1
Guyana,2016,0,1
Haiti,2016,7,1
Honduras,2016,2,1
Hungary,2016,0,1
India,2016,467,1025
Indonesia,2016,22,19
Iran,2016,12,10
Iraq,2016,12207,3360
Ireland,2016,2,15
Israel,2016,16,50
Italy,2016,1,11
Ivory Coast,2016,22,1
Japan,2016,19,1
Jordan,2016,35,9
Kazakhstan,2016,10,3
Kenya,2016,72,65
Kosovo,2016,0,8
Kuwait,2016,1,2
Kyrgyzstan,2016,1,4
Laos,2016,3,4
Lebanon,2016,25,41
Libya,2016,634,422
Madagascar,2016,3,1
Malaysia,2016,6,19
Maldives,2016,0,1
Mali,2016,181,99
Mexico,2016,4,5
Moldova,2016,0,1
Mozambique,2016,62,79
Myanmar,2016,73,74
Nepal,2016,5,43
Netherlands,2016,1,6
New Zealand,2016,0,1
Niger,2016,190,25
Nigeria,2016,2165,533
Pakistan,2016,1113,864
Panama,2016,0,1
Paraguay,2016,10,15
Peru,2016,11,3
Philippines,2016,415,632
Poland,2016,0,2
Republic of the Congo,2016,31,15
Russia,2016,64,55
Rwanda,2016,0,1
Saudi Arabia,2016,162,124
Sierra Leone,2016,1,1
Slovak Republic,2016,0,1
Somalia,2016,1583,602
South Africa,2016,21,27
South Korea,2016,0,1
South Sudan,2016,633,59
Spain,2016,0,3
Sri Lanka,2016,0,1
Sudan,2016,182,173
Sweden,2016,0,16
Switzerland,2016,0,1
Syria,2016,2810,473
Taiwan,2016,0,1
Tajikistan,2016,2,2
Tanzania,2016,3,3
Thailand,2016,120,329
Tunisia,2016,71,12
Turkey,2016,1006,542
Uganda,2016,75,15
Ukraine,2016,48,61
United Kingdom,2016,9,105
United States,2016,68,64
Uruguay,2016,1,1
Venezuela,2016,9,6
West Bank and Gaza Strip,2016,90,157
Yemen,2016,1517,525
Afghanistan,2017,6092,1414
Albania,2017,0,1
Algeria,2017,12,14
Angola,2017,7,6
Argentina,2017,0,3
Australia,2017,4,4
Austria,2017,2,1
Azerbaijan,2017,5,2
Bahrain,2017,6,21
Bangladesh,2017,25,41
Belgium,2017,2,3
Brazil,2017,0,2
Burkina Faso,2017,53,32
Burundi,2017,20,21
Cameroon,2017,228,94
Canada,2017,6,12
Central African Republic,2017,601,43
Chad,2017,62,6
Chile,2017,0,12
China,2017,16,6
Colombia,2017,84,117
Czech Republic,2017,0,3
Democratic Republic of the Congo,2017,596,143
Djibouti,2017,,1
Dominican Republic,2017,2,1
Ecuador,2017,0,3
Egypt,2017,877,224
Ethiopia,2017,67,27
Finland,2017,2,2
France,2017,7,41
Gabon,2017,0,4
Georgia,2017,0,1
Germany,2017,1,27
Grand Total,2017,411868,181691
Greece,2017,0,43
Honduras,2017,2,1
India,2017,465,966
Indonesia,2017,20,27
Iran,2017,39,11
Iraq,2017,6476,2466
Ireland,2017,0,17
Israel,2017,3,32
Italy,2017,0,8
Ivory Coast,2017,3,13
Jamaica,2017,0,2
Jordan,2017,4,8
Kenya,2017,126,97
Kosovo,2017,0,8
Kyrgyzstan,2017,0,2
Laos,2017,1,1
Latvia,2017,0,1
Lebanon,2017,17,23
Liberia,2017,0,1
Libya,2017,289,190
Macedonia,2017,0,1
Malawi,2017,0,1
Malaysia,2017,4,4
Maldives,2017,1,2
Mali,2017,361,141
Malta,2017,1,3
Mexico,2017,23,20
Mozambique,2017,22,11
Myanmar,2017,218,115
Nepal,2017,4,247
Netherlands,2017,0,1
Niger,2017,148,13
Nigeria,2017,1805,484
Norway,2017,0,1
Pakistan,2017,1076,719
Papua New Guinea,2017,0,8
Paraguay,2017,4,10
Peru,2017,8,8
Philippines,2017,496,692
Poland,2017,0,1
Russia,2017,61,33
Rwanda,2017,2,2
Saudi Arabia,2017,31,54
Serbia,2017,0,1
Sierra Leone,2017,0,3
Somalia,2017,1912,614
South Africa,2017,21,29
South Sudan,2017,581,54
Spain,2017,21,4
Sri Lanka,2017,1,41
Sudan,2017,82,106
Sweden,2017,5,18
Syria,2017,2026,243
Taiwan,2017,0,1
Tajikistan,2017,1,2
Tanzania,2017,8,6
Thailand,2017,72,179
Tunisia,2017,5,4
Turkey,2017,222,181
Uganda,2017,7,13
Ukraine,2017,40,61
United Kingdom,2017,42,122
United States,2017,95,65
Venezuela,2017,5,17
Vietnam,2017,0,2
West Bank and Gaza Strip,2017,50,83
Yemen,2017,762,226
Zambia,2017,0,2
Zimbabwe,2017,0,3
